room_id,operations
0,133 345
1,131 133 322 330
2,
3,49 132
4,125 133 316 322 345
5,44 53 152
6,125 131 138 314
7,2 125 356 358
8,
9,387
10,1 17 19
11,15 19 48 50 56 65 66 71 74 316 319 322 330 345
12,3 62 63 70 104 316 330 345
13,124 129 137 138
14,125
15,123 125 126 128 129 134 137 138 264
16,128 138
17,129 138
18,
19,124 131 330
20,54 64
21,358
22,112 118
23,
24,49 52 313 315 321
25,315 317 321
26,46 49 61 315
27,49 52 61
28,138 323
29,84 269
30,2 269 356 359 360
31,293 298 307
32,138
33,256
34,112 315 345
35,357
36,132 315 316 324
37,114
38,1
39,1 21 324 345 358
40,
41,
42,
43,112 118 260
44,132 133 315 316 324
45,
46,55 56 65 66
47,
48,156 161 164 165 171 175
49,
50,4 60 77 88 314
51,3 5 53 70 317
52,
53,3 46 70
54,
55,125 138
56,4
57,17 21 25 27 359
58,
59,
60,58 66
61,281 286
62,77 88 96 98 99 331 344 348 352
63,
64,124 125 126 127 133 137 259 264 323
65,65
66,123 124 127 128 130 133
67,61 125 127 128 129 130 133
68,127 128 134 316
69,125 126 127 133
70,172 187 188 196
71,123 126 127 128 133 134 136 137 138 258 264
72,112 256
73,
74,
75,322
76,
77,
78,
79,126
80,7 49 61 67 159
81,11 157 159 174 177
82,112
83,7 55 67 73 157 163
84,108
85,
86,48 56 66 74
87,25 27 356 358 359 360
88,278 286 287
89,
90,
91,6 58 164 172
92,
93,46 152
94,132
95,2 10 16 124 128 133 134 315 316 322 358
96,4 52 73
97,10 16 52 61 66 121 124 134 315 316 322 324
98,45
99,61
100,47
101,45 48 51 63 66 71 74
102,61
103,137
104,125 127 132
105,127 137
106,133
107,
108,7 56 65 66 68
109,11 55 56 58 63 65 66
110,
111,
112,7 138
113,
114,138 345
115,112 256
116,129 316 322 325 335 336 345 357
117,51 63 66 78 322 324 330 345
118,316 322
119,66 127
120,
121,124 131 152 160 165 316 330
122,124 316 322 336 345
123,124 127 131 314 322
124,63 124 127 131 133 322
125,125 127 129
126,
127,
128,125
129,3 6
130,4 5 46 49 62 124 315 316
131,
132,153 156 161 165 169 171 175 176 179 180 186 188
133,112 118
134,56 58 124 131 325 330 335
135,56
136,
137,
138,124
139,125 126 129 131
140,
141,48 56 74
142,
143,
144,123
145,127
146,53
147,129 137 259
148,
149,169 172 181 188 192 194 196 198 199 200 201
150,
151,24
152,
153,55 65
154,56 66
155,103 112 118
156,69 75 152 153 157 159 160 161 162 163 164 165 166 169 171 175 177
157,256
158,126
159,132
160,123 134 256
161,7 44
162,
163,
164,
165,79 169 172 175 181
166,165 176
167,195
168,121 125 126 134 264
169,
170,108 256
171,
172,67
173,256
174,56 63 65 66 94 128 131 314 325 330 335 345
175,5 63
176,127 128 129 130 131 133 136
177,156 159 160 161 162 165 169 172 181 184
178,63
179,53
180,6 7 11 55 69 170
181,56 73 151 157 158 159 162 163 166 174
182,108
183,17 19 21 22
184,131 314
185,63 316 317 321 345
186,114
187,263
188,14
189,
190,27 356
191,
192,70
193,263 386
194,69 157 158 162
195,6 357
196,112 118
197,52 66 127 129 131 133
198,5 52 63
199,
200,101 121 258 264 386
201,164 174 176 177 178 182 183 185 187 189 193 195
202,386
203,10
204,313
205,44 53 62 63
206,3 44 53 70
207,4 5 49 52 53 61 62 124 131
208,3 70
209,112
210,4
211,127
212,
213,359 360
214,313
215,
216,77 138
217,5 46
218,44 46 67
219,11 67
220,
221,3
222,123 129 330
223,
224,45 51 63 78 138 316 322 330 332 339
225,6 55 58 61 63 104 131 316 317 321 324 330 345
226,61 131 132 314 324 345
227,128
228,44 132 138 339
229,63 124 132 138 316 322
230,6 61 124 131 132 314 324
231,63 66
232,128
233,6 58 61 63 65 204
234,112
235,182 193 195
236,
237,66 124 316 322 325 330 335 345
238,48 56 74
239,6 44 55 58 61 63 66
240,73 74
241,48 56 66 74
242,
243,226
244,49
245,62
246,
247,
248,94 124 314 325
249,
250,62 126 129
251,
252,125 126 127 128 129 133 138 258
253,137 153 161 176 195
254,127 128 129 133
255,123 129 130 131 133
256,
257,
258,131 137 138 322
259,6
260,11 70 330
261,65
262,314 316 345 357 358
263,
264,
265,152
266,20
267,133
268,7 68 125 128 132 133 138
269,108 313 321
270,
271,19 21
272,
273,156 328
274,124 137 322 345
275,61 133 137 138
276,112 118
277,
278,330
279,317
280,121 264 317 321
281,317
282,120
283,
284,1 57
285,52
286,54 56 57 64 72 81
287,4 65
288,57 124
289,4 58 65 66
290,
291,
292,6 11 55 62 263 321 323
293,63
294,44 53 61 63
295,11 62 263 323
296,153 156 157 158 159 160 161 162 163 164 165 166 168 169 171 173 174 175 177 180
297,153 160 163 164 165 166 169 171 172 175 179 180 181 186 192 205
298,122 130
299,49 62 127 130 357
300,
301,
302,283 288 290 291 293 296 298 299 307
303,112 260
304,258 263
305,123 125 133
306,48 56 74 153 176
307,
308,48 50 56 65 66 71 74 330
309,48 50 153 161
310,19 48 50 71 74
311,2 48 50 56 61 65 66 71 74 330 345
312,2 5 48 50 55 56 58 61 63 65 66 71 74 131 316 345
313,48 58 63 66 74
314,129
315,4 48 68 74
316,48 65
317,256
318,
319,
320,161 166 169
321,49
322,128 330
323,70
324,127 138
325,108 118
326,260
327,129 137
328,215 220
329,176 318
330,
331,124 127 128 129 133 136
332,20 24
333,129
334,123 129 130
335,61 123 128
336,61 123 124 128 129 133 136 330
337,62 123 128 129 132 133
338,
339,
340,128
341,7 69 73 151 152 157 158 159 160 162
342,
343,56 157 161 164 166 171 175
344,153 166 171 175
345,
346,
347,
348,49 61 66 315 321
349,315
350,49 71 315
351,49 315
352,
353,4 49
354,
355,49 315
356,49 132 315
357,49 132
358,49 132
359,4 46 49 315
360,49 315
361,
362,49 315
363,4 49
364,112
365,123 133 137
366,
367,138
368,7 67
369,108
370,4 6
371,3 6
372,
373,
374,122 138
375,256
376,164
377,169 172 181 192 194 197 199 200 205
378,387
379,387
380,104
381,
382,263
383,263
384,84 357
385,320 325 357 359
386,
387,
388,
389,16 17 28 320 359
390,84
391,320
392,164
393,
394,6 12 49 61
395,9 12
396,3 6 46 49 52 62
397,12 53 62
398,
399,153 156 160 161 165 166 169 171 172 175 180 188
400,
401,67 68 137 264 321 323
402,258
403,
404,169 172 181 184 192 199
405,5 61 134 317
406,
407,5 51 61 63
408,48 50 56 63 65 66 71 74 131 133 316 322 330 345 357
409,1 2 19 48 50 56 63 65 66 71 74 131 319 322 330 345
410,1 2 19 48 56 63 65 66 71 74 131 330 345
411,153 156 161 175 176 178 179 180
412,5 11 62
413,169 172 181 184 192 194 199
414,112
415,151 169 172
416,44 152 162 166 169 171 172
417,69 151 152 157 158 159 160 162
418,
419,124 126 127 258
420,62 67 121 125 126 129 130 137 138 151 158 258 262 263
421,206 215 220
422,330
423,62 330
424,65 66
425,56 62 74
426,187 203
427,112
428,44 68 70 157
429,11 56 66 68
430,11 67
431,59 64 129 141
432,158 160 166 169 172
433,
434,2 104 132 314
435,3 61 124 131 314
436,5 58 62 70 131 132 314 323
437,124 126 127 258
438,112
439,157
440,256
441,169 172 181 187 188 192 194 196 199 200 201 205
442,
443,55 62 65
444,
445,131
446,
447,112 256
448,127 128 130 134
449,
450,5 68 152 157
451,127 153 156 158 159 163 165 166 168 170 171 172 174 176 177 178 182
452,
453,6 58 61 71
454,5 44 58 61 62 63
455,53 61 71
456,
457,125 137
458,123 126
459,69 152 157 158 159 160 162 163 166 169 171 174 177
460,6 55 58 316
461,125 126 258 313
462,
463,63
464,4 5 52 63 66 70 131 314
465,61 128 133 134 136 138
466,
467,124
468,68
469,
470,172 188 190 194 196 197 200 201 202 205
471,1 130 320 359
472,61 126 129 130 323
473,
474,
475,
476,
477,
478,
479,112 256
480,123
481,11 67 124 126 129 130 133 137 138 322 324 330
482,112
483,315
484,56 66
485,
486,
487,46 49
488,
489,
490,
491,49 52 53 67
492,53
493,125 126 258 313
494,
495,125 126 264
496,166 176 178 189 193 195
497,6 73
498,
499,69 151 156 158 159 160 162 163 165 166 169 172 175
500,73
501,256
502,325 345
503,5 52 70
504,
505,132 318 335
506,44 70 124 314
507,44
508,44 70
509,
510,
511,
512,
513,133 315 316 322 324 330 336 345
514,169 172 181 188 194 196 200 201
515,58
516,169 172
517,
518,6 63
519,4 5
520,46
521,163 165
522,11 67 68 69
523,112 118
524,316 317 321 345
525,137
526,137 138
527,
528,
529,
530,46 52 70
531,
532,
533,6 44 46 49
534,263
535,121 134 264
536,
537,
538,
539,65 73 151 158 159 160 162 163 164 165 166 170 171 172 175
540,263
541,61 121 125 126 127 128 129 130 132 133 134 136 258 259 264
542,
543,
544,
545,112 118
546,125 127 128 133 259
547,7 44 63 66 74 104
548,11
549,7 61 137 138 263 316 339
550,
551,125
552,
553,10 55 56 65 66 131
554,
555,151
556,
557,
558,62 124 131 322
559,270 275 277 286
560,10 73 152 153 157 158 159 160 161 162 163 165 166 169 171 174
561,10 16 357 358
562,108
563,11 52 66 68
564,7 56 65
565,256
566,
567,
568,48 50 56 65 66 71 74 345
569,48 50 58 66 74
570,48 58 66 74
571,269
572,
573,53
574,
575,108
576,44 55 58 61 63 65 66
577,56 65
578,58 65
579,
580,124
581,2 345
582,
583,314
584,345
585,
586,160 169
587,
588,49 313
589,49 124
590,314
591,49
592,345
593,
594,125 128 132 133
595,94 325 335
596,55 56 58 65 66
597,151
598,3 6 46
599,76 204
600,49
601,104
602,
603,
604,
605,
606,
607,
608,
609,126 127 128 129 133 137 138 264 323
610,2 263 314 323 339
611,339
612,134
613,2 263
614,62 121 134 263 264 315 339
615,62 263 323 339
616,62 263 323 339
617,151 159 160 162 168 172 181 186 187 188 190
618,318
619,126 323
620,94
621,5 7 63 66
622,
623,322 330
624,159 161 163 164 166 171 173 174 175 177
625,
626,4 49 65 66
627,56 57 65 66 72 153 156 158 159 161 162 165 166 168 169 171 172 175 180
628,49 55 63 65 66
629,158 159 165 166 171 174
630,94 137
631,
632,
633,7 65
634,
635,112 118
636,137
637,6 63
638,
639,
640,44 123 138
641,
642,
643,
644,49 71
645,
646,138 332 339
647,5 45 51 61 63 321
648,
649,45
650,112 118 260
651,127 132
652,
653,3 133 138
654,109
655,
656,2 3 16 17 357
657,1 10 53 134 315 317 323
658,153 165 168 171 175 176 179 182
659,
660,3 256
661,
662,283 288 290 291 293 296 298 299 307
663,11 66 67
664,67
665,7 48 50 55 56 65 66 74
666,5 49 63 66
667,
668,
669,157 159 161 164 166 171 175
670,103 108
671,264
672,256
673,
674,264
675,122 130
676,10 124 125 127 128 322
677,77 96 98 99 344 348 352
678,112
679,
680,
681,
682,153 156 161 164 165 166 168 171 173 175 176 178 179 180 183 188 189 193 195 344
683,52 73 258 263
684,17 130 320
685,19 28
686,1 17 19 28 320 359
687,1 16 28 320 359
688,259
689,
690,6 46 52
691,256
692,256
693,
694,
695,7
696,126 143 145 264
697,13 18 23 26
698,52 68 70
699,
700,11 46
701,
702,65
703,125
704,123 137
705,
706,256
707,125
708,77 165 168 176 318 325 335
709,
710,137
711,
712,94 124 325
713,170 173
714,
715,44 153 163 164 165 166 168 169 171 172 175 180
716,
717,46
718,52 53 68
719,6 55 58 61
720,112
721,
722,52 53
723,5 49 53
724,
725,7 69 156 157 159 160 161 163 164 165 166 172 177
726,46
727,122 125 128 133 136 138 258
728,3 5 49 63 151
729,
730,11 61 69
731,124 125 137
732,3 7 44 49
733,
734,56 65 66 94 325 335
735,
736,46 49
737,46 58
738,
739,72
740,
741,61 123 128 132
742,62
743,172 181
744,
745,
746,169 172 181 184 186 188 192 194 197 199 200 205
747,49 61 204
748,73 152 158
749,
750,53
751,46 169 199
752,65
753,132
754,164 165
755,
756,62 129 130 133
757,62 67 124 125 126 129 133 136 137 138
758,
759,7 152 153 156 158 159 160 161 162 163 164 165 166 169 172 175
760,127 128 133 134 136 316
761,
762,
763,
764,7
765,2 17
766,139
767,
768,
769,
770,
771,6 46 55 62
772,5 49 61
773,6 7 49 61 67 69
774,7 66 68 69
775,
776,7 55 67 69 73 151 152 157 158 159
777,67 68 73
778,
779,151
780,59 64 72
781,
782,108 112
783,
784,
785,112
786,
787,132 263 339
788,10 134 137 315 345
789,151 157
790,
791,256
792,62 123 124 129 130 133
793,123 129 133
794,
795,
796,127 133 152
797,
798,
799,133 316 336
800,
801,123 256
802,3 315 325 345
803,
804,
805,1 16 17 19 21 358 359
806,256 386
807,
808,
809,264 386
810,
811,
812,53 61
813,4 6 52 61 63
814,6 46 49 52
815,
816,151 161 162 175
817,53
818,158
819,67
820,17 358 359
821,2 10 16 17 358 359
822,
823,49 134
824,151 157 158 159 160 161 162 163 166 169 172
825,112
826,138
827,314
828,
829,7 11 52 63 68
830,7 11 44 63 68
831,5 11 63 68
832,137 321
833,256
834,5 11 63 68
835,
836,162 169 172 188 200 205
837,256
838,6 134
839,
840,322
841,
842,
843,
844,61 70 123 132 138 357
845,
846,10 16 68 121 125 126 130 134 264 323 358
847,
848,54 56 57 65 66 72 84
849,3 56 58
850,56 66
851,55 56 57 66 72 74
852,
853,5 56 61 63 66
854,153 169 171 179 180
855,108
856,54 56 57 72 81
857,57
858,58 70
859,
860,44 49 62 67 263 321
861,44 46 49 67 263
862,53 55 62 63 68 121 263 317 321
863,172
864,153 156 165 166 170 175
865,52
866,6 204 357
867,157 159
868,11
869,
870,
871,46 70 125 256
872,
873,11 52 55 56 63 66
874,125 126 134 264
875,49
876,112
877,156 161
878,112 118
879,5 46 53 151
880,5 44 49 53
881,
882,
883,260
884,
885,132 133
886,7 11 55 61
887,
888,
889,
890,121 123 126 137 138 264
891,121 126 127 128 134 136 137 138 257 258 264
892,
893,69 73 151 157 158 162
894,4
895,5 49 52 61 357
896,187 189 190 202 203
897,49 152
898,108
899,
900,11 68 151 157 158 163
901,
902,68
903,
904,66 330
905,63 128 131 330
906,56 66 330
907,
908,
909,153 156 169 176 179 180 181 188 196 201 318 325 335
910,48 56 65 66 74
911,2 269 315 330
912,1 2 19 48 65 66 74 330 345
913,1 2 3 17 19
914,169 181 187 188 192 194 196 198 199 200 201 203
915,1 2 16 17 19 48 66 74 319 330 345
916,2 16 19 48 56 66 74 319 330 345
917,
918,61 67 68 69 70
919,118
920,153 156 161 164 171 175 179
921,3
922,3 108
923,3
924,
925,
926,151 161 166
927,52 169 172
928,3 44 53 70 151
929,
930,256
931,16 356 357 358 359
932,
933,256
934,116
935,
936,
937,61 123
938,49 62 315
939,58 104
940,387
941,48 50 71
942,387
943,387
944,70 345
945,
946,44
947,11 152 158 162
948,
949,3 6 46 66 315 321
950,3 65 74
951,4 53 70
952,3
953,66 131 153 156 160 161 162 165 166 172 180
954,68
955,112 118 260
956,123 128 134 136
957,15 16 17 19 357
958,6 46 49 315
959,131
960,17
961,1 17 21
962,1 17
963,17 21
964,2 17 21
965,58 62 65 316
966,
967,125 316
968,
969,
970,358
971,4 5 58 63
972,
973,48
974,4
975,56 153 161 165 169 171 179 181
976,
977,48
978,
979,48 358
980,48 56 345
981,58 104
982,
983,49
984,55 56 65
985,
986,4 5
987,126
988,63 313 321
989,321
990,63 321
991,63
992,317 321
993,264 339
994,73 151 154 156 157 158 159 162 163 164 165 166 168 174 175 263 315 321
995,11 68 151
996,52
997,94 325 335
998,6 7 11 55 58 63 66 67 263 317 321
999,128
1000,7 68 69 163
1001,
1002,44 46 158
1003,5 58
1004,55 56 58 204
1005,48 56 330
1006,
1007,65 94 325 335
1008,54
1009,156 178 193 195
1010,56 58 63 66
1011,129 132 315 330
1012,3 169
1013,
1014,11 67 126 136 137 138 154 258 263 264 321 323 339
1015,330
1016,324 345
1017,
1018,
1019,
1020,153 156 165 166 171 175 179
1021,
1022,153 156 161 165 168 169 172 175 176 178 179 180 181 188 196 201
1023,5 58 61 66
1024,
1025,63
1026,3 49 132
1027,
1028,94 131 325 335 345
1029,6 44 46 58 61 63 65
1030,58 62
1031,58 61
1032,
1033,
1034,
1035,124
1036,
1037,295
1038,125 130
1039,
1040,44 52 70
1041,7 10 11 67
1042,108
1043,
1044,
1045,63 104 321
1046,316 321
1047,11 104 121 124 137 263 264 316 317
1048,70 108
1049,7 12 138 316 345
1050,
1051,
1052,125 127 128 129 132 133 259
1053,63 131 137 138 322
1054,138 322
1055,
1056,5 104 152
1057,
1058,
1059,9 17 19 21
1060,49
1061,3 6 49 104 357
1062,
1063,
1064,
1065,133
1066,46 61 127 131
1067,123
1068,112
1069,
1070,101
1071,264 386
1072,101
1073,386
1074,
1075,101
1076,101
1077,7 101 121 128 131 264 386
1078,121 258 263 386
1079,256
1080,
1081,67 134 256
1082,
1083,54 56 57 66 72 81 137
1084,123 129 137 345
1085,96 98 99 344 348 352
1086,
1087,73
1088,129
1089,
1090,
1091,133
1092,260
1093,325
1094,44 58 204
1095,151 172 192 199
1096,5 44 53
1097,5 6 46 53 58 61
1098,
1099,112
1100,44 152 157 158 159 160 162
1101,69 73 151 158 159 160 162 163 169
1102,256
1103,108 259
1104,49 61 73 204 263
1105,199
1106,52 68
1107,
1108,128
1109,
1110,
1111,124 128
1112,49
1113,313
1114,11 68
1115,5 49 61 124 137
1116,4 7
1117,6 49
1118,127
1119,7 131 138
1120,138
1121,11 73
1122,324
1123,10
1124,3 46 151 152
1125,4 14
1126,
1127,62 125 132 133
1128,124 133 138
1129,108
1130,11 67 137 324
1131,67 134 317 321
1132,68 138 317 321 345
1133,
1134,
1135,126
1136,
1137,4 44 151 158 160 162
1138,
1139,137
1140,56 65 66 68
1141,
1142,52 58 68 70
1143,
1144,96
1145,
1146,169
1147,44
1148,67 121 126 263 315 321 323
1149,
1150,
1151,
1152,
1153,
1154,2 17 21
1155,4 53 180
1156,215 220
1157,
1158,9
1159,
1160,
1161,5
1162,
1163,124 127
1164,112 118
1165,124 315 330 345
1166,131 314 322 324 330 345
1167,
1168,57 64 72
1169,126 127 128 129 133 136
1170,
1171,
1172,128 358
1173,4 10
1174,
1175,11
1176,
1177,
1178,
1179,46 157
1180,121 131 134 138 263 316 317 339
1181,11 55 62 67 68 131
1182,158
1183,
1184,7 11 67 73
1185,289
1186,
1187,
1188,70
1189,6 7 55 69 73
1190,
1191,
1192,133
1193,
1194,63 104 124 128 131 133 316 322 330 345
1195,322
1196,124 316 322
1197,69 73 151 158 159 162
1198,49
1199,
1200,
1201,
1202,
1203,55 62 67 68
1204,11 67 73
1205,
1206,
1207,63 112
1208,
1209,
1210,282 286 287
1211,49 53 61 131
1212,
1213,
1214,313
1215,11 62 68 138
1216,134
1217,11 67 124 137
1218,7 56 63 66 67 131 134 138 258 263 321 339
1219,112 118 260
1220,1 3 17 25 357
1221,5 70
1222,49 313
1223,130
1224,
1225,122
1226,46
1227,
1228,
1229,
1230,
1231,
1232,3 6 46 52 73 152 158
1233,12
1234,
1235,
1236,
1237,62 76 131 314
1238,
1239,
1240,7 11 68
1241,256
1242,44 53
1243,46
1244,256
1245,
1246,129
1247,
1248,387
1249,387
1250,104
1251,387
1252,387
1253,
1254,
1255,172 181 187 192 194 196 199 200 201
1256,
1257,
1258,330
1259,7 11 67 321 323
1260,
1261,49 330
1262,
1263,108 112
1264,131
1265,122
1266,130 133
1267,
1268,321
1269,256 340
1270,256 340
1271,256 339 340
1272,313
1273,339
1274,264
1275,264
1276,133 325 335
1277,62
1278,138 322 339 358
1279,169
1280,
1281,7 138 263 338 339 340
1282,
1283,
1284,
1285,
1286,5 7 63 68 138
1287,46
1288,169 171
1289,108
1290,
1291,151
1292,
1293,4 5 44 49
1294,44
1295,4 46 52
1296,151 158 160 162 163
1297,
1298,138
1299,6 46 52 152 157 162 169
1300,124
1301,
1302,7
1303,11 68 137
1304,67
1305,
1306,53 151 162
1307,4 10 44 49 61
1308,
1309,
1310,386
1311,6 7 46 49
1312,
1313,322
1314,128 136 138 316
1315,
1316,
1317,
1318,
1319,131 324 330
1320,
1321,
1322,
1323,125 138
1324,108
1325,44 68 70 138
1326,44 46 56 62 76 138 204
1327,
1328,9 15 17 19 21 22
1329,9 15 44 45
1330,9 14 15 17 19 21 22
1331,45 168 321
1332,11 55 56 58 61 63 65 66
1333,137 138 345
1334,161 166 171 175
1335,
1336,158 169
1337,
1338,56 65 66 74
1339,153 156 157 165 171 179
1340,
1341,105
1342,46
1343,
1344,44 49
1345,46 49
1346,322
1347,
1348,
1349,122 132 134 335
1350,56 345
1351,2 128 269 356
1352,56
1353,2 56 269 356 358
1354,2 56 122 128
1355,122 335
1356,
1357,123 127 128 132 133 134 136 316
1358,127 128 129 133 136
1359,131 263 324 330 339
1360,256
1361,69 73 151 152 157 158 159 160 162 163
1362,
1363,112 118
1364,
1365,
1366,4 6 49 52 61 63
1367,94 131 314
1368,112
1369,
1370,
1371,53 175
1372,46 53 70
1373,11 70
1374,
1375,
1376,66 153 161 164 165 166 169 171 180 330
1377,
1378,7 11 68 131 137 138 321 322
1379,121 125 126 128 134 137 138 264
1380,
1381,108 256
1382,
1383,339
1384,11 68 321 339
1385,
1386,16 128 314 322 324
1387,260
1388,133 258 263
1389,112
1390,
1391,153
1392,
1393,52 62 68 70 123 132
1394,114 120
1395,68
1396,3 314 321 323 357
1397,
1398,3
1399,46 49
1400,1 2 16 17 19 21
1401,62 63
1402,44 62 132 322 324 345
1403,17 21
1404,
1405,
1406,133
1407,
1408,153 156 165 172 176 178 180 188
1409,94 325 335
1410,
1411,169 179
1412,70 314
1413,4 152 153 156 161
1414,
1415,2 10 122 128 130 358 359 386
1416,68 69 157 158 159 162 163
1417,11 67 123 137 138 158 163
1418,
1419,112
1420,
1421,5 7 11 68 138
1422,5 7 11 68
1423,335
1424,134 314
1425,62
1426,286
1427,53 68 70
1428,
1429,53 67
1430,330
1431,
1432,316 317 321 330 345
1433,55 56 65 66
1434,
1435,
1436,98 99 344 348 352
1437,11 53 55 56 58 62 65 66 134 316 317 321 323
1438,75 79 152 153 154 156 157 159 161 162 163 164 165 166 168 169 171 174 175 321
1439,11 68 137 264 316
1440,108
1441,45 78
1442,45
1443,45 78
1444,
1445,108
1446,6 7 11 61 68
1447,5 7 11 68
1448,
1449,
1450,206
1451,226
1452,
1453,288 290 291 293 299
1454,112 118
1455,61 132 134 315 324 345
1456,62 138
1457,
1458,6 53 55 58 66 108 313 321 357
1459,24
1460,330
1461,138 330
1462,24 44 61 314
1463,3
1464,112
1465,49 66 131
1466,49 166 172
1467,62 315 330
1468,58 153 156 165
1469,77
1470,
1471,
1472,315 330
1473,104
1474,315 345
1475,345
1476,124
1477,124
1478,124
1479,48 316 345
1480,
1481,
1482,
1483,
1484,175
1485,7 55 69
1486,
1487,132
1488,7 68 134 138 264 317 339
1489,
1490,
1491,
1492,61 132
1493,180
1494,58 69 73 152 157 158
1495,56 58 70
1496,56 65 66 131 330
1497,7 11 49 55 61 63 67
1498,49 52 53 61 63
1499,129 138
1500,125 126 138
1501,134
1502,
1503,
1504,
1505,123 124
1506,
1507,
1508,125 126 318
1509,126 132 133 318
1510,
1511,
1512,125 128 129 134 317 330 345
1513,260
1514,121 126 127 128 133 134 136 264
1515,323
1516,126 127 128 131 133 134 136 263 264 314 316 322 323 339
1517,
1518,134
1519,121 123 125 128 134 258 263 264 316 317 323
1520,130 134
1521,126 323
1522,314 321 323
1523,125 127 133
1524,94 325 335
1525,
1526,6 46 49 55 63 152 357
1527,
1528,3 132
1529,
1530,125 126 127 134 136 137 138 258 264
1531,
1532,
1533,11 67 137 138 264 313
1534,
1535,
1536,256
1537,
1538,
1539,
1540,4 314
1541,
1542,5
1543,
1544,
1545,7 11 68
1546,
1547,153 156 164 165 168 169 176 179 321
1548,6 52 53 63
1549,123 128
1550,
1551,
1552,46 160 172
1553,
1554,6 11 55 67
1555,69 157 158 159 162 163 174 177
1556,58
1557,4 49 61 62 131
1558,52 159 177
1559,360
1560,286
1561,
1562,126 127
1563,123
1564,6 66 123 127 323
1565,53 204
1566,4 5 69
1567,4 49 356 358 359 360
1568,270 286
1569,123 125 127 128 132 134 264
1570,
1571,172
1572,11 68
1573,68
1574,5 56 58 63 66 131
1575,54 64 72 81
1576,112 256
1577,124 133
1578,6 52 152 160 162
1579,7 151 158 321
1580,321
1581,112 118
1582,122
1583,112 118
1584,4 124 345
1585,
1586,
1587,
1588,127 130 132
1589,324
1590,54 56 57 64 72
1591,127 128 129 133
1592,125 128 133
1593,125 127 128 129 131 133 316 322 330 345
1594,
1595,
1596,125 130 133
1597,125 127 130
1598,122 125 127 130
1599,56 66 94 323
1600,137
1601,125 130 133 259 313
1602,112 118
1603,11 67 68
1604,62 123
1605,62 123 129
1606,
1607,128 130
1608,124 125 128
1609,345
1610,49 53 63 68
1611,160 162 169 172 181 188 190 194 196 199 200 201
1612,108
1613,73 152 153 156 157 158 159 160 161 162 163 164 165 166 168 169 171 172 174 175
1614,112
1615,11 68 137 138 263 322 339
1616,
1617,
1618,
1619,61 125 127 128 129 133 136 137
1620,
1621,151 172
1622,49 53 313
1623,112
1624,3 6 70
1625,124 316 322 345
1626,112
1627,166 169 171 175
1628,289
1629,6 44 68 256
1630,103 112 118 256
1631,5 6 46
1632,169 172 181 186 188 192 194 199 200 205
1633,
1634,112
1635,170
1636,
1637,132
1638,16 320 359
1639,131 134 315 316 322 324 330 345
1640,125 128 130
1641,124 130
1642,62 123 125 128
1643,
1644,125 176
1645,125 127 128 132 133 138 258 259
1646,
1647,7 73
1648,123 126
1649,46 55 151 157 159 169
1650,137 138
1651,7 68
1652,260
1653,318
1654,6 46 52 55 61 121 134 257 263 314 317 321
1655,3 15 17
1656,17
1657,
1658,
1659,17
1660,
1661,125
1662,172
1663,
1664,153 156 166 169 171 172 175 180 188 205
1665,
1666,104
1667,11 67 137
1668,
1669,48 50 65 71 74
1670,63 104
1671,46 48 104
1672,166
1673,123 124 125 126 127 128 129 130 133 134 136 258 263 264
1674,
1675,339
1676,49 172 194
1677,
1678,
1679,324
1680,63
1681,123 129 137
1682,
1683,151 156 157 159 160 161 162 163 165 169 177
1684,5 62 69 73
1685,127 128 129 131 133
1686,
1687,131 324
1688,44 46 76
1689,61 68 131 138 314 345
1690,
1691,127 128 129 130 133
1692,46
1693,49
1694,5 63
1695,
1696,151 169 172 179 180 181 186 188 194 196 205
1697,108
1698,76
1699,338 339
1700,61 125 127 132
1701,
1702,124 330
1703,386
1704,
1705,
1706,58
1707,16 360
1708,
1709,
1710,112
1711,61 125 127 128 129 130 131 133
1712,187
1713,2 17 25
1714,
1715,256
1716,
1717,187
1718,
1719,2 16 17 25 356 358 359 360
1720,25
1721,2 16
1722,124 330
1723,
1724,70
1725,
1726,325 335
1727,49
1728,325
1729,
1730,
1731,53
1732,49 61
1733,65 66 156 160 161 162 166 169 172
1734,125 126 127 128 129 131 133
1735,125
1736,124 131 137 138
1737,7 11 68
1738,69 152 157 158 160 162 163 169
1739,121 134 264
1740,11 68
1741,68
1742,
1743,256
1744,
1745,67
1746,
1747,1 2 9 10 12 14 15 16 17 19 21 22 357 358
1748,3 15 17 19 21 22
1749,2 5 10 14 15 16 17 19 21 357 358
1750,14 17 19 21 22
1751,14 15 17 19 21 22
1752,53 68 70
1753,152 162
1754,3 6 138 330
1755,4 44 58 61 70 345
1756,345
1757,4 5 63 70 124 314 330
1758,49
1759,
1760,
1761,386
1762,356 360
1763,3 49 386
1764,
1765,
1766,
1767,
1768,125 127 128
1769,16 133 316 322
1770,44 70
1771,260
1772,133
1773,
1774,61 125
1775,151 160 163 164 165 166 172
1776,112 118
1777,3 104 131 316 322 324 330 345 357
1778,
1779,4 121 263 314 321
1780,152 314
1781,54 57 64 65 72 81
1782,54 57 64 72 81
1783,57 72
1784,57 72
1785,
1786,101
1787,
1788,
1789,
1790,122 132
1791,
1792,2 10 122 123 356 358
1793,2 4 5 10 124
1794,27
1795,169 181 187 191 198 199 203 356
1796,169 181 187 191 198 199 203
1797,10 125 127 128 133 134
1798,68
1799,
1800,
1801,58
1802,
1803,
1804,54 57 72
1805,165 178
1806,206 211 215 218 220 225 228
1807,
1808,129
1809,
1810,287
1811,123 127
1812,169
1813,52 62 68
1814,
1815,264
1816,258 263 386
1817,123 132 258
1818,
1819,123 127
1820,127
1821,126
1822,
1823,112
1824,54 64 72 81
1825,54 57 64 72 81
1826,127 128 133
1827,
1828,
1829,
1830,358
1831,62 123 129
1832,
1833,357 358
1834,
1835,264
1836,134
1837,
1838,
1839,258
1840,
1841,
1842,46 53 70 386
1843,
1844,166 171 175
1845,130
1846,125
1847,70 132
1848,130 359 360
1849,46 66 130
1850,130
1851,65 70 125 130
1852,130 320
1853,130 131
1854,1 16 130 133 320 359
1855,1 66 130 320 359
1856,130
1857,66
1858,130 360
1859,130 320
1860,112
1861,
1862,112
1863,126 130 133
1864,11 44 53 58 63
1865,11 158
1866,
1867,5 11 44
1868,
1869,1 17 28 359 360
1870,
1871,
1872,7 11 65 68
1873,108
1874,56 57 65 94
1875,
1876,131 330 345
1877,20 24 133 322 324
1878,18 20 23 24
1879,128 129 131 133
1880,
1881,138 322
1882,
1883,49 53 151 159 160 172
1884,
1885,125 134 137
1886,
1887,7 138
1888,6 7 55 61 67 69 73
1889,
1890,313
1891,339
1892,339
1893,
1894,
1895,128
1896,127 132
1897,11 158 160
1898,256
1899,48 65 66 72 74
1900,156 161 169
1901,1 269
1902,1 320 327
1903,
1904,
1905,130 147 320 359 360
1906,130 320 359
1907,1 130 147 320 359 360
1908,130 147 320 323 359 360
1909,1 130 147 320 359 360
1910,130 147 320 359 360
1911,1 130 147 320 359 360
1912,130 147 320 323 359 360
1913,1 130 147 320 359 360
1914,1 130 147 320 359 360
1915,130 147 320 359 360
1916,
1917,
1918,130 147 320 323 359 360
1919,25 27
1920,
1921,
1922,
1923,
1924,73 151 153 154 156 157 158 159 160 161 162 163 164 165 166 168 169 170 171 172 173 174 175 177 321 339
1925,
1926,94 325 331 335
1927,128 136
1928,124 134 137 315 316 317 322 324 336 345
1929,
1930,
1931,112
1932,6 44 53 70
1933,6 49 61 204
1934,6 61 132 314 324 345 357
1935,
1936,55 69 73 151 157 159 160 162 165
1937,11 67 137
1938,133
1939,124 316 322
1940,112 118
1941,61 104
1942,
1943,61
1944,112
1945,11 61
1946,
1947,66 151 157 159 160 162 165 166 169 171
1948,
1949,
1950,
1951,19 48 56 64 66 74 319 320 330
1952,
1953,1 2 15 16 17 19 21 22 359
1954,
1955,56 65 66 69 74
1956,
1957,1 19 48 56 64 65 74 320 330
1958,133 259
1959,
1960,131 345
1961,264
1962,264
1963,264
1964,
1965,128
1966,5 44 63 70
1967,69 151 152 157 158 160 162
1968,128
1969,62 125 127 130
1970,158 258
1971,
1972,
1973,
1974,
1975,269 315 360
1976,124
1977,291
1978,3 70
1979,
1980,49 386
1981,386
1982,49 386
1983,
1984,
1985,
1986,6 48 55 56 58 65 66
1987,108
1988,56 153 156 159 161 164 166 168 169 170 171 172 175 178 182 193 195
1989,
1990,11 68 138 263
1991,68 158 163
1992,258 259 260
1993,258
1994,125 129
1995,
1996,5 55 56 63 65 66 123 128 129 131 133 322 330
1997,
1998,16 358 359
1999,126 134 136 138 264
2000,123 134 258 263
2001,
2002,
2003,7 68
2004,68
2005,68
2006,7 68
2007,112 256
2008,11 69 157
2009,171
2010,44 68 256
2011,
2012,10 11
2013,138
2014,11
2015,125 126 138
2016,49 172
2017,
2018,112 118
2019,11 152 153 156 157 158 159 160 161 162 163 164 165 166 168 169 171 172 175 176 177 178 179 180
2020,
2021,157 159 166 175
2022,68 123 127 137
2023,11 55 66 68 124 127 134 137 138 264 316 317
2024,
2025,67 137
2026,
2027,
2028,
2029,
2030,
2031,
2032,
2033,315
2034,138
2035,5 9 10 61
2036,71
2037,
2038,321
2039,5 61
2040,
2041,166 169 171 172
2042,65
2043,48 55 56 57 65 66 72 74 129 330
2044,112 118
2045,0 6 55 56 66 74 131 357
2046,6 55 58 65 66
2047,
2048,10 133 138
2049,
2050,278 282 286 287
2051,123 127 258
2052,61
2053,11 134 317 339
2054,11 61 317
2055,5 44 62 63 112 121 123 126 128 132 133 136 138 263 316
2056,3
2057,3
2058,3
2059,3
2060,
2061,
2062,
2063,6 152
2064,3 132
2065,3 6 132
2066,132 315
2067,
2068,153 156 161 166 171 175
2069,6 44 52
2070,
2071,54
2072,
2073,7 61 69
2074,
2075,73 158 163
2076,7 11 55 69 73
2077,55 56 58 65 66 69 73 151 152 157 158 159 160 162
2078,61 128
2079,325 335
2080,
2081,54 57
2082,
2083,65 131
2084,
2085,
2086,61 123 128 132
2087,
2088,11 62 126 136 138 263 264 323 339
2089,314
2090,63 124
2091,
2092,4 49
2093,124
2094,
2095,3 313
2096,
2097,112 118
2098,70
2099,4 6 10 44 49 61 62 63 321
2100,73 157 159
2101,4 5 61 62 70
2102,6 10 44 55 62 63 124 316
2103,44 53 62 63 70
2104,
2105,358
2106,123
2107,
2108,164 175
2109,112 118
2110,124 322
2111,176 178 182 185 189 193 195
2112,27 359 360
2113,126 134 136 137 138 264
2114,112 118
2115,49 67 69 73 158 159 163
2116,256
2117,5 44
2118,4 5 44 53 70
2119,3 12 49
2120,5 52
2121,49 53
2122,
2123,55
2124,
2125,6 52 58 61
2126,3 6 44 58
2127,138
2128,176 193 195
2129,128
2130,
2131,151
2132,5 6 49 61 204
2133,
2134,121 123 125 127 128 131 133 134 136 258 264 316
2135,
2136,
2137,68 70
2138,6 46 49 52 53 61
2139,152 169
2140,73 158 160 162 163 172
2141,108
2142,6 55 69 73 151 152 157 159 162
2143,2 16 17 25 132 359
2144,189 195
2145,2 3 17 359
2146,17 27 356 359 360
2147,1 25
2148,112
2149,61 128
2150,61 123 129
2151,
2152,
2153,153 159 161 164 165 166 170 171 173 175
2154,123
2155,124
2156,316
2157,
2158,128
2159,124 131 133
2160,128 133
2161,135
2162,
2163,
2164,153 156 158 161 165 168 175 176 178 180 195
2165,4
2166,
2167,
2168,
2169,53 70
2170,3 7 53
2171,
2172,6 55 69
2173,
2174,172
2175,16 17 359
2176,61 129 133 322 324
2177,315
2178,
2179,314
2180,3
2181,4 49 131 314
2182,3
2183,4 131 314
2184,
2185,4 49 313 314
2186,
2187,
2188,4 49 131
2189,
2190,315
2191,4
2192,58 73
2193,126 129 137 138 256 264
2194,
2195,
2196,58 61 104 124 131 322 345 357
2197,
2198,2 17 21 25 27 356 358 359
2199,
2200,19
2201,320 345
2202,
2203,256
2204,263
2205,317 321 323
2206,
2207,1 11 56 61 66 74 131 316 324 330 345
2208,48 50 56 65 66 71 74 131 322 330 345
2209,48 56 65 71 74 345
2210,112 118
2211,
2212,49 61
2213,
2214,
2215,7 55 70 112 151 158
2216,152 153 156 157 160 161 164 165 169 171 172 175 179
2217,158
2218,123 124 125 127 258
2219,
2220,
2221,387
2222,
2223,387
2224,
2225,61 123 128 133 134 315 316 322 345
2226,
2227,6 52 55 58 62 63 66
2228,
2229,46
2230,256
2231,
2232,
2233,
2234,57 65 72
2235,65 72 81
2236,46 49 64 66 72 81 166
2237,27 356 359 360
2238,124
2239,70
2240,
2241,
2242,61 127 137
2243,108 112
2244,131 132
2245,181 187
2246,2 132
2247,6 46 49
2248,
2249,6 46 49 52
2250,112
2251,159
2252,132
2253,
2254,61 263 315 339
2255,9 10 12 16 17 21 61 121 263 317 321 339
2256,9 153 156 158 159 160 161 162 163 165 166 168 169 170 171 172 175 179 180 186
2257,
2258,123 126
2259,49
2260,126 138 263 323 339
2261,
2262,169
2263,132 138
2264,
2265,17 28
2266,360
2267,2 10 17 19
2268,
2269,125
2270,
2271,
2272,386
2273,
2274,126 134 138 264
2275,123 134 258
2276,
2277,126 130 264 323 339
2278,11 69 73 157 158 159 160 163
2279,156 159 160 161 165 169 176 181 187 188 190
2280,108
2281,58 66 69
2282,4 6 44 55 58 61 63
2283,56 65 66 74
2284,7 49 55 62 67 69 73 151 152 157 158 159 160 162 163 174
2285,17 21
2286,12 17 21 49
2287,1 3 6 12 21 70
2288,4 5 17
2289,174 182 195
2290,
2291,58
2292,58 61 63 66 123 126 127 128 129 131 132 133 134
2293,112 118
2294,
2295,10 61 66 74
2296,1 10 12 61 104
2297,10 61 66 74
2298,
2299,63 104
2300,
2301,108
2302,62
2303,124 133 137
2304,
2305,
2306,
2307,
2308,
2309,
2310,
2311,
2312,1 322 324 345 357
2313,131 324 325 330 335 345 357
2314,
2315,137
2316,5 46 62 70 138 314 321
2317,62 128 129 131 132 133 330
2318,127 128 129 133
2319,7 11
2320,44 67 70
2321,11 68 151 157 158 159 162 163
2322,133
2323,4 5 6 46
2324,46 172
2325,108 112 260
2326,152 153 158 161 164 169 171
2327,
2328,46 49 55 58 62 65 66
2329,6 46 48 55 58 65 66
2330,49 66
2331,3 6 44 58 61 63
2332,3 6 44 53 55 58 62 70 74
2333,65
2334,6
2335,46
2336,
2337,125 128 131 133 134 316 322 330 345
2338,
2339,177
2340,44 49 52 63
2341,6 58 67 345
2342,
2343,6 263
2344,
2345,53 68 161
2346,
2347,6
2348,127 258
2349,126 138 264
2350,
2351,
2352,256
2353,
2354,
2355,3 49 52
2356,4 5 10 46 158
2357,104
2358,123 128
2359,129
2360,359 360
2361,
2362,
2363,7 138
2364,
2365,
2366,3 70
2367,
2368,3 70
2369,
2370,6
2371,49
2372,156
2373,
2374,
2375,77 335
2376,70
2377,282
2378,
2379,49 151 158 159 162 163
2380,49
2381,
2382,4 70
2383,
2384,131 314 330
2385,7 138
2386,153 156 165 166 168 176 179 335
2387,
2388,7 53 56 67 157
2389,11
2390,
2391,123 125
2392,
2393,67 153 161 166 168 171 175
2394,108
2395,4 6 52
2396,
2397,3 49 125 132 313
2398,67
2399,2 3 17
2400,5 44 46 70
2401,3 5 52 70
2402,3 10 44 61 63 70
2403,4 5 58 63 66 70
2404,3 23 24
2405,4 5 10 44 58 61 62 66 70
2406,46 169
2407,
2408,
2409,4 10 358
2410,112 118
2411,48 56 65 74
2412,48 56 65 74
2413,44 53 58 63 70
2414,48 66 74
2415,0 5 9 48 50 56 58 61 63 66 74 124 131 330
2416,48 56 65 71 74
2417,48 50 55 56 58 62 65 71 74
2418,44 48 56 74
2419,176
2420,112
2421,
2422,
2423,70 322 345
2424,
2425,67 124 125 134 137 264 315
2426,11 53
2427,11 53
2428,
2429,77
2430,178 324
2431,11 137 322 324 345
2432,4 6 70 124 314
2433,137 324 330 345
2434,70
2435,63 70
2436,6 49
2437,3
2438,134
2439,62 126 129 136 137 323
2440,48 56 65 72 335
2441,56 316 335 345 358
2442,48 56 58 63 65 124 345
2443,48 56 66 345
2444,14 22 48 56 72 269
2445,48 56 65
2446,48 58 65 124 314
2447,48 55 58 65 314 345
2448,256
2449,134 258 263
2450,
2451,
2452,114
2453,
2454,6 49 55 58 62 63 65 66
2455,112
2456,170 176 178 182 183 189 193 195
2457,
2458,
2459,
2460,
2461,
2462,
2463,
2464,7 11 55 56 63 66 68 69
2465,
2466,
2467,46 62 66 70 123
2468,122 130 325 335 356 358
2469,
2470,44
2471,123 125 127 128 129 137 324 330
2472,132
2473,131 330
2474,
2475,123
2476,131 315 330 339
2477,61 123 128 314 345
2478,
2479,44 49 53 78
2480,5 61 63
2481,264
2482,
2483,258 263
2484,126
2485,11 44 49 67 69
2486,7 49 53 63
2487,157 169
2488,11 52 53 70
2489,
2490,3
2491,46
2492,5 70
2493,264
2494,
2495,
2496,
2497,
2498,
2499,131 132 314 335 345
2500,132
2501,132 345
2502,
2503,112 260
2504,127
2505,345
2506,56 57 66 74
2507,63
2508,
2509,
2510,
2511,46 123 130
2512,130
2513,130 132
2514,
2515,3 66 124
2516,130
2517,121 143 263
2518,264
2519,121 258 263
2520,121
2521,
2522,
2523,6 18 20 23 24
2524,49 65
2525,5 44 62 70
2526,
2527,124 125 130 131 133
2528,169 172 188 192 199
2529,129
2530,52 61 123 127 128 330
2531,54 57 64 72
2532,124
2533,65 66 94 325 335
2534,55 65 66
2535,
2536,153 171 175
2537,55 56 58 63 65 66
2538,112
2539,
2540,56 66
2541,24
2542,1 5 10 12 16 17 19 124 131 323
2543,5 9 10
2544,5 49 121 263
2545,49
2546,
2547,
2548,112 118
2549,5 67 73
2550,7 11
2551,11 68 69 158 159 160 162 163
2552,11
2553,
2554,4 5 44 46 62 63 70 124 131 313 314 323
2555,
2556,
2557,125 152 154 158 160 163 164 165 166 174 263 321 323 339
2558,175
2559,125 126 134 136 315
2560,6 46 63 131 132
2561,
2562,65 72
2563,49 63 78 132 315 316
2564,46 58
2565,108
2566,
2567,
2568,159
2569,3
2570,4 44 70 313
2571,70
2572,4 70 313
2573,4
2574,50 131
2575,4 46 49 62
2576,
2577,
2578,322 324
2579,
2580,9 12 14 15 17 19 21 22 358
2581,169 172 180 181 184 186 187 188 189 192 194 196 197 199 200 201
2582,9 10 55 61 62 63 104 121 134 136 263 264 316 317 321 323 339
2583,9 12 121 263 264 321 338 339
2584,
2585,
2586,
2587,
2588,
2589,
2590,112
2591,152 153 157 160 161 164 165 166 169 171 172 175
2592,46 49 62
2593,11 62 71
2594,71 74
2595,108
2596,123 124 127
2597,287
2598,138
2599,
2600,127
2601,5 63 68
2602,52
2603,256
2604,73
2605,11 62 69
2606,11 62 69
2607,5 9 62 69
2608,5 9 61
2609,
2610,
2611,386
2612,4 5 44 46 62 63 70 314
2613,6 49 61 104
2614,44 138 322 324
2615,122 127
2616,16 127 133 322
2617,46 108
2618,
2619,315
2620,314
2621,3 131 132 315 316 330 345 357
2622,
2623,
2624,286 287
2625,10 16 134 137 264 316 317 321 323 357 358
2626,195 256
2627,61 123 127 128 138
2628,55 56 65 66
2629,
2630,
2631,
2632,70
2633,126 133 138 258
2634,12 14 15 17 19 21 22
2635,1 12 14 15 17 19 21 22 358
2636,12 15 17 19 21 22
2637,1 6 12 14 15 17 19 21 22 357
2638,12 14 15 17 19 21 22
2639,9 12 14 15 17 19 21 22
2640,
2641,
2642,152
2643,5 49 67 68 70
2644,46 152 158 159 160 163 169 184
2645,96 99 132 352
2646,316 336
2647,
2648,46 52
2649,112
2650,65
2651,18 24
2652,260
2653,49 69 151 158 160 162
2654,10 16
2655,68 127 128 322
2656,
2657,66
2658,10 44 53
2659,
2660,
2661,
2662,
2663,52 73 158 160
2664,62 132 134
2665,152 157 158 160 163
2666,
2667,57
2668,56 66
2669,171
2670,56
2671,65 66
2672,
2673,65
2674,165 171 175
2675,
2676,56 57 65 66 153 156 161 165 166 171 173 175
2677,72
2678,125 323
2679,
2680,126 138
2681,
2682,94
2683,169 172
2684,315 323
2685,
2686,49 321 323
2687,323
2688,153 156 158 160 161 162 163 164 165 166 168 169 171 172 175 179 321
2689,49 321 323
2690,49 323
2691,10 315 323
2692,315 323
2693,
2694,6 44 48 56 65 74 345
2695,65 66 74
2696,16 48 56 63 66 124 322 330 345 357 358
2697,125 127 128 133
2698,112 118
2699,
2700,
2701,6
2702,57 65 72 81 94 325 335
2703,56 57 64 66 72 81
2704,3 48 55 56 65 66 125
2705,7 68 128 134 138 264
2706,17
2707,2 3 17
2708,
2709,
2710,128 129 130 133 316
2711,
2712,62 123 124 127 130 314
2713,
2714,
2715,27 356 359 360
2716,270 282 286
2717,160
2718,1 17 27 356 359 360
2719,17 19 25 356 358 359 360
2720,
2721,108 259
2722,7 11 55 61 258 263 339
2723,
2724,7 44 138
2725,49 53 61
2726,67 73 157 159
2727,
2728,62 123 124 126 127 128 131 133 314 322
2729,160 163 166
2730,53 61
2731,55 204
2732,4 5 61 62 65 67 70 124 125 131 133 345
2733,137
2734,
2735,
2736,63 70 314
2737,104
2738,49
2739,315 321
2740,
2741,126 127 128 133 136
2742,17 360
2743,360
2744,49 132 315
2745,356 360
2746,320
2747,6 11 162
2748,11 152 158
2749,123 132
2750,
2751,
2752,
2753,123 128
2754,124
2755,
2756,133 315
2757,
2758,
2759,94
2760,
2761,69 151 157 158 159 162
2762,46 58 61 63 66 71 131 132 314 345
2763,61 65 66 71 74
2764,108
2765,67 131 324 330
2766,176 178
2767,
2768,46 48 65
2769,49 52
2770,49 53
2771,
2772,153 156 157 159 160 161 162 163 164 165 166 168 169 171 172 175 176 177 179 180 181 186
2773,6 7 55 69
2774,282 286
2775,25 356 358 359 360
2776,0 20 24 48 74 124 330
2777,20 23 24
2778,
2779,55 62 69 263
2780,11
2781,121 321 323 339
2782,
2783,
2784,61 263
2785,61 121 263
2786,
2787,69 158 159 163
2788,7 11
2789,
2790,7 68
2791,7 67
2792,11
2793,11 45 67 68 137 263 321 339
2794,11
2795,7 11 55 62 67
2796,70 314
2797,70
2798,
2799,
2800,
2801,68
2802,49 69 151 157 159 162
2803,108
2804,46
2805,44 55 65 66 158 163
2806,49 53
2807,
2808,293 299
2809,49 61 124 131 314
2810,4 314
2811,61 128 132 133
2812,
2813,7 52 55 56 65 66
2814,7
2815,153 165 180
2816,55 56 65 66
2817,5 44 68 70 157
2818,11 48 56 65 66
2819,278 279 295
2820,345
2821,3 6 7 44 70
2822,4 5 44 58 61 63 70 124 131 314
2823,
2824,
2825,125 129
2826,
2827,325 335
2828,53 55 61 157
2829,153 157 160 161 164 165 166 168 171 175 176 179 180
2830,
2831,112 118
2832,96 98 99 352
2833,
2834,
2835,0 24
2836,4 6 46 49 52
2837,108 256
2838,49 52 53 61
2839,52
2840,46 61 62 124
2841,3 49 53
2842,
2843,52
2844,49 61 124
2845,61 123 127 128 133
2846,
2847,
2848,94 325 335
2849,335
2850,
2851,
2852,10 16 121 124 131 134 263 330
2853,11 49 67 121 315 339
2854,158 163 166 168 170 175
2855,
2856,49 68 121 317 339
2857,70 132 314
2858,10 263 323
2859,121 263 321 323 339 340
2860,
2861,153 156 158 161 163 165 166 171 175
2862,18 23 24
2863,45 61 63 70 104
2864,58 63 104 330
2865,387
2866,5 52 101 124 386
2867,101 386
2868,
2869,
2870,
2871,108
2872,96 98 99 344 348
2873,
2874,
2875,126 256
2876,123 124 129
2877,123 127 128 129 133 134 136 258 259
2878,
2879,61
2880,46 65
2881,112
2882,128
2883,46 76
2884,
2885,4 46 124 125 127 316
2886,112 118
2887,123 133 259
2888,
2889,127 133 134 258
2890,
2891,125 127 130 137 258 264
2892,133
2893,151 188
2894,24
2895,123 314
2896,70
2897,
2898,61
2899,133
2900,52
2901,125 127 128 129 130 133
2902,322 324 339
2903,5 63 104
2904,
2905,256
2906,46 125 132 313 314
2907,138
2908,123 132
2909,151
2910,
2911,
2912,314 321
2913,133
2914,256
2915,
2916,46
2917,67
2918,68
2919,
2920,52 53
2921,316 336
2922,131 132
2923,316
2924,316
2925,70 316 336
2926,321
2927,131 132
2928,
2929,2 17 130 330 356 359 360
2930,2 17 130
2931,123 126
2932,126 131 134 264
2933,134
2934,67 68 134 137 258 264 313 316
2935,
2936,4 5 62 121 126 127 131 133 136 258 263 264 314 321 323 339
2937,263
2938,
2939,
2940,263
2941,
2942,9 10 121 263 264 317 321 338 339
2943,172 186 194 199 200
2944,357
2945,
2946,263 317
2947,10 16 358
2948,76
2949,
2950,
2951,137 264 339
2952,
2953,76
2954,112 118
2955,70 264
2956,
2957,49
2958,122 129 358
2959,5 46 204
2960,
2961,49 189
2962,5 11 49 53 62
2963,69 73
2964,7
2965,11 52 68 158 162 163
2966,
2967,
2968,256
2969,
2970,5 44 46 58
2971,
2972,104 128
2973,44 62 63 123
2974,6 44 56 58 62 63 104 123 124 127 316 322
2975,
2976,44 65 66 74
2977,53
2978,44
2979,112
2980,7
2981,135
2982,263 323
2983,126
2984,61 94 128 134 325 335
2985,256
2986,256
2987,
2988,
2989,151
2990,112 118
2991,5 11 69
2992,
2993,69 73 158 163
2994,153 171 175 176 178 179 180 189 193 195
2995,134
2996,
2997,138
2998,
2999,56 58 66 74
3000,7 44 68
3001,
3002,137 315 330
3003,278 286 287
3004,256
3005,123 127 128 131 133 259 316 330 345
3006,10 73 151 158 322
3007,
3008,3 68 70
3009,3 49
3010,178 195
3011,
3012,5 11 68
3013,67
3014,
3015,125 128 130 132
3016,125 126
3017,123 124 127
3018,125 129 137
3019,
3020,125 131 134 314 317 321
3021,153 156 165 166 168 171 174 175
3022,3 6 55 61 63
3023,6 69 73 152 157 158 159 160 162
3024,5
3025,3 6 55 61 63
3026,
3027,128 132 316 345
3028,
3029,330
3030,359
3031,125 138
3032,11 52 68
3033,112 118 260
3034,49 131 321 330 345
3035,123 129 130 133
3036,62 125 126 127 128 129 133 134 136
3037,123 125
3038,46 131 314 321
3039,3 314
3040,321
3041,22 70
3042,1 12 19 315
3043,5 49 52 62 63
3044,123 129
3045,6 11 69 73
3046,2 6 10 27
3047,53 169
3048,
3049,259 260
3050,169 172 179 180 181 183 184 186 187 188 189 190 191 192 194 196 198 199 200 201 202 203 205
3051,49 52 53 61
3052,166 175
3053,52 53
3054,
3055,
3056,6 46 49 104 315
3057,9 12 15 17 19 20 316
3058,6 12 52 61
3059,12 61 104 131 321 322
3060,44 49 53 62 63 132
3061,
3062,
3063,
3064,
3065,129
3066,
3067,2 27 356 359 360
3068,
3069,
3070,
3071,65 71 74 137 138 322
3072,
3073,53 61 68 124 314 322
3074,7 68 138 316 322
3075,
3076,127 128 133 138
3077,
3078,124 125 130 133 259
3079,
3080,
3081,153 156 161 165 170 171 175 176
3082,
3083,316 323 330 345
3084,
3085,123 127 128 133 258 264
3086,112
3087,3 6 56 58 66 70
3088,74
3089,48 56 65 74
3090,10 70
3091,157 159
3092,6 53 55
3093,108 112 118
3094,63 104 314 316 317
3095,9 14 15 17 19 21 22
3096,3 12 14 15 17 19 21 22 345
3097,49 104 317
3098,
3099,124
3100,4 131 132
3101,125
3102,52 79
3103,68 138
3104,
3105,129
3106,7 68 138
3107,
3108,77
3109,
3110,5 46 53 70
3111,6 9 46 49
3112,3 44 70
3113,44 49 61 263 317
3114,
3115,5 46 53 70 151
3116,
3117,123 258
3118,151 153 156 158 161 162 164 165 166 169 171 172 175 177
3119,
3120,
3121,
3122,125 126 127 128 129 130 133
3123,124 125 133
3124,153 156 161 165 166 169 171 175 177
3125,126 323
3126,81
3127,127
3128,2 16 17 25 27 359
3129,98 124
3130,
3131,
3132,
3133,123 125 126 127 128 133 134 259 264
3134,
3135,3 5 6 7 55 61 63
3136,
3137,128 132
3138,125 128 330
3139,127 164 166 176 178 183 187 195
3140,112
3141,
3142,7 11 127 128 133 138 316 322
3143,
3144,44 61 70
3145,6 7 49 61 104
3146,
3147,
3148,44 152
3149,
3150,263
3151,263
3152,264
3153,127 128
3154,
3155,
3156,138
3157,124 126 127 128 138 314
3158,
3159,
3160,70 345
3161,3 132
3162,67 176 178
3163,
3164,53 56 66 74
3165,44
3166,
3167,
3168,322 324
3169,
3170,1 17 21 357 358 386
3171,
3172,11 69 73 151
3173,256
3174,108
3175,125 129 137
3176,68 125 126 129 137 138 264
3177,
3178,124 131 133 322
3179,27 356 360
3180,
3181,3 339
3182,
3183,
3184,6 46
3185,
3186,123 125 134 137 138 259
3187,
3188,
3189,53 108
3190,7 68 152 157 159 174
3191,10 16 357 358
3192,
3193,11
3194,157
3195,112 118
3196,
3197,
3198,44
3199,
3200,63 386
3201,128
3202,123
3203,46
3204,56 61 63 65 66 123 129 131 133 330 345
3205,153 156 160 161 164 165 168 169 171 172 175 179 180 181
3206,112 118
3207,55 56 65 66 74 131 330
3208,11 48 50 61 62 71 104 330
3209,5 46 52 62 70
3210,11 104
3211,131
3212,
3213,14 15 17 19 21 22
3214,
3215,330
3216,9 12 14 15 17 19 21 22 358
3217,104
3218,44
3219,153 156 161 164 166 168 169 171 172 173 175 180
3220,163
3221,125
3222,
3223,
3224,123
3225,
3226,6
3227,63 70
3228,153 158 160 163 165 166 172
3229,44 49 53 63 204
3230,
3231,
3232,49 330
3233,121 126 134 138 264
3234,256
3235,128 133
3236,
3237,6 58 61 132
3238,123
3239,123 130
3240,
3241,125
3242,16 320 359 360
3243,356 359 360
3244,16 25 359 360
3245,16 356 359 360
3246,
3247,
3248,70
3249,108
3250,123 138
3251,
3252,
3253,103 112 118
3254,69 73 151 152 157 158 160 162
3255,44 53 63
3256,60
3257,46 70
3258,2 56 63 128 131 132 314 330 345
3259,6 18 24 56 66
3260,18 23 24 57
3261,48 56 62 64 65 74 131 330
3262,6 49 56 65 66 132
3263,54 56 57 64 72 74
3264,64 65 72
3265,
3266,44 67
3267,
3268,
3269,152 157 165 174
3270,
3271,4 315
3272,70 124
3273,5 63 70
3274,112 118
3275,
3276,4 5 61
3277,5
3278,127 258
3279,137 313
3280,384
3281,134
3282,112 118 260
3283,128 133
3284,125 127
3285,108
3286,17 21 124
3287,125 127 132
3288,3 55 58 70
3289,94 325 335
3290,53 317
3291,44
3292,3 46 70
3293,128
3294,11 44 55 58 66 67 158
3295,11 55 56 66 67
3296,
3297,
3298,63
3299,129
3300,123
3301,169 172
3302,11 153 156 160 162 165
3303,
3304,264 386
3305,131
3306,
3307,14 21 358
3308,
3309,153 161 163 164 166 169 171 172 175 180 205
3310,
3311,
3312,11 263 339
3313,6 7 11 55 62 69 258 263
3314,17
3315,49
3316,112 118
3317,
3318,2
3319,
3320,6
3321,1 5 49
3322,5 45 49 53 63 66 78 317
3323,4 49
3324,49
3325,49
3326,49 321
3327,49 317 321
3328,49 317
3329,62 125 128 132
3330,125 128 313
3331,105
3332,
3333,6 68
3334,165 171
3335,116
3336,
3337,
3338,
3339,101
3340,127 128 132 345 386
3341,
3342,
3343,
3344,112
3345,153 165 166 171 179
3346,112
3347,131 314
3348,6 49 53 61 66
3349,4 53 61 62 70 124 131
3350,3 46 52 70 108
3351,
3352,
3353,263
3354,44 46 53 70
3355,
3356,3 46 70
3357,108
3358,
3359,67 131 138 322
3360,123
3361,
3362,256
3363,
3364,65
3365,122
3366,112 256
3367,76 96
3368,
3369,44 49
3370,172
3371,45 63
3372,45 53
3373,45 121 162 317 321
3374,45
3375,
3376,76
3377,3 169 172 181 192
3378,4 6 46 49 55 58 313
3379,
3380,129
3381,206
3382,112 260
3383,67 69 152 157 158 159
3384,
3385,
3386,
3387,56 66 152 153 157 158 159 160 161 162 163 164 165 166 169 171 172 173 175 177
3388,108
3389,69 73 151 152 157 158 159 160 162 163
3390,67 68 131 137 138 322
3391,104 256
3392,
3393,
3394,52 68
3395,
3396,10 11 131 137
3397,96 98 99 344
3398,44 49 53
3399,4 46 52 61 70 108 131 204 314
3400,
3401,
3402,16 138 358
3403,
3404,121 125 134 137 264
3405,
3406,
3407,127 178
3408,112 118
3409,
3410,131 321
3411,315 345
3412,320
3413,357
3414,315
3415,320 357
3416,
3417,125 132
3418,112 118
3419,49 321
3420,49 317 321
3421,
3422,
3423,66 131 345
3424,49 321
3425,17 19
3426,317
3427,134 317 321
3428,162 169 171 172 184 205
3429,123
3430,
3431,11 68 151 157 158 162
3432,
3433,
3434,68 321 339 340
3435,128 133
3436,125 127 128 129 133 259
3437,123 127 128 129 133 259
3438,176 178 182 183 189 193 195
3439,129 132
3440,123 129
3441,125 127 128 129 133
3442,10 68 263 315
3443,358
3444,61
3445,3
3446,
3447,48 50 56 65 66 71 74 330 345
3448,48 55 56 62 63 65 66 71 74 129 131 330
3449,116
3450,
3451,
3452,386
3453,
3454,124
3455,
3456,
3457,
3458,
3459,
3460,
3461,6 49 67 125 263 313 339
3462,4 5
3463,4 49
3464,78
3465,
3466,
3467,188 194 196 199
3468,18 52 68
3469,18 23 24
3470,
3471,23 24
3472,
3473,49
3474,
3475,9 21 358
3476,6 10 63 104 124 131 316 317 330 345
3477,63
3478,
3479,68 137 138 264
3480,
3481,
3482,
3483,
3484,101
3485,
3486,
3487,
3488,
3489,128
3490,6 46 104
3491,
3492,48 58 63 65
3493,104
3494,108
3495,
3496,44 151 158 162
3497,171
3498,104
3499,5 63 70 152
3500,
3501,49 73
3502,
3503,263
3504,
3505,
3506,126 258 323
3507,
3508,
3509,283 290 291 293 296 298 299 303 307
3510,288 290 291 293 296 299 307
3511,
3512,7 11
3513,5 49 53 151
3514,53 70
3515,52
3516,
3517,
3518,125 127
3519,
3520,
3521,104
3522,56 57 66
3523,46 65 70
3524,58 65
3525,121 125 126 127 128 129 133 134 264 316 339
3526,73 152 174
3527,128 129 130 133
3528,290 291 293 299 307
3529,5 63
3530,45 63 66 78 131 316 330 345
3531,
3532,
3533,124
3534,5 58 73
3535,58 345
3536,153 165 166 170 171 173 174 175 182
3537,11 68 138
3538,61 132
3539,
3540,126 323
3541,
3542,53 68
3543,
3544,
3545,61 131 345
3546,77 96 98 99 318 331 344 346 348 352
3547,126
3548,44 63 67 68 104
3549,112 118
3550,52 62 70
3551,10 44 46 62 63 131 132
3552,
3553,62 63 138 316 322 336 345
3554,44 58 61 63 132 316 345
3555,45 63 131
3556,
3557,101
3558,
3559,108
3560,151 178
3561,
3562,
3563,335
3564,5 63
3565,
3566,
3567,46
3568,46
3569,
3570,46
3571,
3572,46
3573,46
3574,
3575,94
3576,
3577,1 2 48 56 66 74
3578,1 2 16 46 48 56 61 66 345 356 358
3579,2 48 74
3580,
3581,325
3582,151 158 160 163 165 166 169 172
3583,
3584,
3585,129
3586,65 69 151 157 158 159 160 172
3587,11 52 158 162
3588,187 190
3589,291 293 299
3590,5
3591,46
3592,
3593,11 63
3594,
3595,7 11 68
3596,6 7 46
3597,18 23 24
3598,69 73 152 157 158 159 160 162
3599,
3600,176 178 195
3601,
3602,18 23
3603,48 54 56 65 66 74 128 129 131 133 330
3604,54 56 57 72
3605,5 11 63 66
3606,
3607,
3608,138
3609,
3610,
3611,166 171
3612,44 46
3613,320
3614,126 320 323
3615,320
3616,320 323
3617,139
3618,320
3619,320
3620,320 323
3621,139
3622,
3623,
3624,320
3625,112
3626,53 158
3627,7 11 138 316 322 324
3628,344
3629,
3630,94 318 325 335
3631,345
3632,1 345
3633,2 131 132 330
3634,2 131 132 316 330 345
3635,
3636,2 62 63 131 132 315 316 324 345
3637,1 61 124 131 314 322 345
3638,1 322
3639,61
3640,316 322 324 336 345
3641,153 156 160 161 165 168 169 172 175 179 330
3642,129
3643,11 66
3644,
3645,44
3646,7 55 61 66 67 121 125 127 128 134 136 258 263 264 314 316 317 339 345
3647,
3648,48 56 58 63 65 74
3649,48 50 61 65 71 74
3650,
3651,68 126 138
3652,11 67 68 134 317 321 323
3653,44 73
3654,61
3655,
3656,
3657,
3658,
3659,101
3660,
3661,
3662,
3663,171
3664,
3665,318
3666,
3667,
3668,52 70
3669,
3670,52 70
3671,3
3672,169
3673,4 49
3674,4 52
3675,5 124
3676,5
3677,4 5 124 313 314
3678,
3679,52 70
3680,58 314 345 358
3681,
3682,
3683,2 48 56
3684,2 5 48 56 58 63 124 345
3685,124
3686,48 56 358
3687,48 56 66
3688,48 56 345 358
3689,2 48 56
3690,2 48 56
3691,324
3692,
3693,126 264 321 323
3694,10 16 330 358
3695,
3696,138
3697,62 121 125 126 127 128 129 130 133 134 259 262
3698,11 55 69 73 151 158
3699,56 63 131 322 324 330 345
3700,
3701,5 70 108
3702,96
3703,
3704,112
3705,129
3706,164 166 169 171 172 175
3707,21
3708,49
3709,9 21
3710,5 9 61 70
3711,3 6 151 314 317 321
3712,
3713,
3714,339
3715,63 316
3716,61 315 316
3717,53 264 316 339
3718,112 118
3719,124 316
3720,316 324
3721,53 316
3722,53 70 316 345
3723,53
3724,3 6 46 49 61
3725,
3726,171
3727,
3728,70 151 157 159 161 162 164 169 171 172 175 177
3729,
3730,108 260
3731,
3732,124 131 133 314 322
3733,133
3734,124 125 127 258
3735,17 21 25 27
3736,4 356 360
3737,133 166 178 189
3738,153 161 164 165 166 168 170 173 175 177 178
3739,112 260
3740,125
3741,
3742,121 128 134 136 137 264
3743,134 136 137 258
3744,
3745,16 65 358
3746,
3747,129
3748,5 61 69 73 357
3749,
3750,256
3751,384
3752,126
3753,
3754,
3755,
3756,
3757,7
3758,324
3759,
3760,256
3761,123
3762,1 129 133
3763,
3764,130
3765,16 130
3766,1 16 66 130 320
3767,130 320 359
3768,56 66 131
3769,56 66
3770,
3771,359
3772,359 360
3773,152 164 165 168 176 178 324
3774,16 17 21 25 358
3775,27 356 359 360
3776,125
3777,127
3778,
3779,315 328 330 334
3780,2 3 10 16
3781,62 123 129
3782,57
3783,123 125 130
3784,28
3785,
3786,17 28
3787,16 17 28 320
3788,17 28 320
3789,1 15 17 28 320
3790,15 16 17 28 320
3791,15 17 28 320
3792,17 28 320
3793,28
3794,15 17 28 320
3795,
3796,46 65 70
3797,
3798,
3799,3 169 176 181 183 187 188 189 192 198 199 203
3800,153 156 161 164 165 168 169 171 173 175 176 178 179 180 188 189 193
3801,
3802,
3803,
3804,53 67 68 70
3805,49 53 73 151
3806,158
3807,
3808,136 264 313 314 321 345
3809,
3810,53 62 63 317
3811,67 317 321
3812,
3813,330 345
3814,2 56
3815,48 56 329
3816,
3817,53 55 68 70
3818,125
3819,314 316
3820,27 356 360
3821,
3822,11 137 313 321
3823,67 315
3824,
3825,123 124 133 137 259
3826,127 128 133
3827,
3828,187 190 196
3829,108
3830,67 137
3831,256
3832,124
3833,129 132 134 315
3834,131 314 323
3835,53
3836,125 134
3837,53
3838,
3839,124
3840,62 131 137 256
3841,77 318 331
3842,
3843,
3844,283 290 291 293 299
3845,172 199
3846,52 132 138
3847,
3848,6 58 61 63
3849,138
3850,137
3851,63 316 330
3852,105
3853,48 56 58 62 74
3854,7 138 324 345
3855,70 315 316 345
3856,48 56 161 164 165 169 171
3857,48 50 55 56 66 74
3858,11 48 50 55 56 65 66 74
3859,112
3860,
3861,256
3862,
3863,138
3864,138 322 330
3865,
3866,112 118 260
3867,125 127 325 335
3868,256
3869,137
3870,
3871,
3872,44 61 63
3873,157 159
3874,11 53 61
3875,
3876,53 61 316
3877,
3878,126 138
3879,134
3880,53 70
3881,94 325 330 335
3882,3 70
3883,14 15 19 21 22
3884,18 23 24 70 94
3885,172 192 199
3886,
3887,127 128 130
3888,77 96
3889,278 281 282 286 287
3890,44 70 152
3891,4 6 44 46
3892,
3893,130
3894,122
3895,
3896,61
3897,
3898,61
3899,286
3900,130
3901,169 172
3902,11 67 68 69 152 157 158 159 160 163 174
3903,112 118
3904,94 325 335
3905,6 55 56 66
3906,55 56 63 65 66 74 127 131 133 316 321 322 330 345
3907,
3908,
3909,
3910,
3911,11
3912,6 263
3913,44 263
3914,187 190 195 202
3915,263
3916,
3917,256 263
3918,
3919,153 160 169 172 179
3920,153 164 169 171 175 180
3921,11 52
3922,169
3923,169 172
3924,
3925,
3926,76 314 317
3927,
3928,112 118
3929,127 128 132 134 256
3930,27 356 360
3931,27 356 359 360
3932,17 25 27 356 360
3933,324
3934,
3935,7 11 44 52 63
3936,44 158
3937,159 161 169 172
3938,
3939,9 14 15 17 19 21 22
3940,
3941,
3942,63 104
3943,9 17 21
3944,9 14 15 17 19 21 22
3945,9 10 12 14 15 17 19 21 22
3946,12 50 56 66 74 131 324 330
3947,112
3948,125 128
3949,178 182 185 195
3950,
3951,123 133
3952,128 133
3953,126
3954,
3955,65 94 325 335
3956,125 128 130 133
3957,65
3958,27 356 359 360
3959,
3960,
3961,132 314
3962,116
3963,
3964,269 356
3965,101
3966,
3967,
3968,
3969,5 63 70
3970,61
3971,
3972,323 358
3973,16 134 137 264 317 321 323 345 357 358
3974,358
3975,318 323 357 358
3976,
3977,7 55 61 321
3978,159 169 172 184 186 199
3979,
3980,
3981,104 256
3982,
3983,1 21 358
3984,
3985,
3986,
3987,
3988,62 158 160 162 317 321
3989,
3990,61
3991,112
3992,46 151 172 205
3993,67 137 256
3994,7 52 68
3995,
3996,
3997,2
3998,256
3999,124 330
4000,6 46 52
4001,
4002,
4003,
4004,
4005,
4006,
4007,
4008,
4009,
4010,
4011,
4012,256
4013,152 158 159 160 162 163 174
4014,2 356 358
4015,98 318
4016,
4017,
4018,
4019,96 98 344
4020,181 187 190 194 196 199 200 201 202
4021,2 10 45 315
4022,1 2 10 16 45 63 121 132 134 263 323 345 358
4023,256
4024,
4025,
4026,44 53
4027,
4028,138
4029,125 126 127 128 136
4030,315 317
4031,315 317
4032,5 263 264 317 321 339
4033,70 256
4034,121 263
4035,263 339
4036,
4037,112
4038,67
4039,125 126 130
4040,126 134 137 138 264
4041,
4042,
4043,
4044,57 65 72
4045,72
4046,54 56 64 72 81
4047,54 56 64 72 81
4048,
4049,7 68
4050,112 118
4051,49 317
4052,63 70
4053,70
4054,
4055,
4056,
4057,
4058,
4059,
4060,
4061,
4062,112 256
4063,7 61
4064,4 6 49 58 61 313
4065,156 175
4066,
4067,53 153 156 161 166 171 175
4068,126 263 323
4069,123 125 323
4070,126 128 130 323
4071,
4072,66 126 128 129 130 131 133 134 321 323 330
4073,69 73 151 152 157 159 162 174 177
4074,
4075,127
4076,325 335
4077,
4078,125 130 133 262
4079,7 11 68 69 151 157 158 159 160 161 162 163 166 177
4080,
4081,
4082,
4083,46 151 157
4084,124 128
4085,
4086,49 104
4087,49
4088,3
4089,11
4090,
4091,58 156 157 161 164 171
4092,
4093,122 127
4094,256
4095,49
4096,112
4097,67 68 138
4098,
4099,172 188 194 196
4100,
4101,66 321
4102,66 321
4103,
4104,
4105,66 321 323
4106,
4107,125 127 128 133
4108,11 48 65 66 74 322 324 330
4109,121 125 127 128 129 133 134 259 264
4110,127 128 129 133
4111,
4112,127 128 136 137 138 264
4113,
4114,
4115,69 73 151 152 157 158 159 160 162 163
4116,133 322
4117,126
4118,
4119,
4120,7 11
4121,
4122,
4123,
4124,11 68 152
4125,7 69 73 152 157 158 159 160 163
4126,187 189 190 202
4127,256
4128,
4129,7 46 70
4130,44 69 152 158 162
4131,315
4132,256
4133,70 108
4134,108
4135,151 153 166 169
4136,
4137,
4138,131 324 330 345
4139,
4140,161
4141,112 118
4142,77 96 98 99 331 344 348 352
4143,46 52 58 63
4144,3 44 53 70
4145,63 65 66 314
4146,49 55 56 66
4147,62 126 127 130
4148,260
4149,123
4150,
4151,
4152,
4153,67 73 152 157
4154,112 118
4155,137
4156,67 386
4157,
4158,49
4159,
4160,
4161,123
4162,108
4163,
4164,
4165,45 78
4166,45 47 63
4167,123 127 128 129 132 133 258 259
4168,7 11
4169,11 67 73 152 157 159
4170,
4171,4 5 9 14
4172,9 12 14 15 17 19 21 22 70
4173,9 12 14 15 17 19 21 22
4174,9 12 14 15 17 19 21 22
4175,4 9 12 14 15 17 19 21 22
4176,9 12 14 15 17 19 21 22
4177,4 9 12 14 15 17 19 21 22
4178,6 53 71 74 345
4179,9 12 14 15 17 19 21 22
4180,
4181,101
4182,
4183,73 157 158 159 160 161 164 165 166 174 177 321
4184,
4185,
4186,49 133
4187,16 68 314
4188,386
4189,
4190,
4191,
4192,256
4193,143 263
4194,
4195,62 129 133
4196,3 6 56 66 132
4197,137 138
4198,11 67 68 137 324
4199,
4200,7 138
4201,104 138 315 316 317 345
4202,
4203,5 9 63 70 316 317 345
4204,
4205,
4206,67 138
4207,
4208,132 315 324
4209,4 10 122 124 125 127 128 133 314
4210,62 125 132
4211,123 132
4212,286
4213,2
4214,1 17 28 359 360
4215,359
4216,195
4217,
4218,5 6 44 58 63 69 152 157 158 160 162
4219,
4220,112 118 260
4221,
4222,11 61 67 68 70
4223,
4224,46
4225,
4226,112 118
4227,45 94 96 325 344
4228,316
4229,46 76
4230,44 52 67
4231,
4232,
4233,
4234,3 104 345
4235,127 128
4236,
4237,127 128 129 132 133 136
4238,128
4239,127 128 129 133
4240,278 282 286 287
4241,4 70 316
4242,
4243,
4244,
4245,
4246,
4247,7 11 69 152 157 158 163
4248,73
4249,52
4250,11 67 68 138
4251,138
4252,264
4253,
4254,5 49 53 63
4255,4 44 49 61 256
4256,44
4257,123 124 127
4258,161 175 178 183 193 195
4259,108
4260,5 6 46
4261,
4262,
4263,5 70
4264,9 10 16
4265,5 6 12 52 61 62 63 121 134 263 317 321 357
4266,44
4267,
4268,
4269,1 9 10 12 14 15 16 17 19 21 22 48 65 66 71 74 320 330 345
4270,
4271,14 15 17 19 21 22
4272,9 15 17 19 21 22
4273,9 15 17 19 21 22
4274,161 169 171 182
4275,256
4276,62
4277,62 73 131 322
4278,62
4279,
4280,
4281,
4282,
4283,386
4284,101
4285,
4286,
4287,101
4288,3 16 356 357 359 360
4289,1 2 128 356
4290,128 132 386
4291,101 386
4292,
4293,
4294,128
4295,
4296,112 118
4297,127
4298,127
4299,158 159
4300,122 137
4301,
4302,3 70
4303,
4304,49 315
4305,
4306,
4307,7 68 138
4308,
4309,
4310,56
4311,
4312,44 46 169 172
4313,125 127 128 129 133 264
4314,125 134
4315,127 128 133 258
4316,
4317,123 134
4318,56 128
4319,126 127 128 129 133 259
4320,132
4321,153 161 176 178
4322,
4323,
4324,48 56 65 74 330
4325,48 56 63 65 66 74 330 345
4326,48 56 57 74 138 330
4327,282 286 287 289
4328,
4329,48 56 66 74 153 156 161 165 166 171 175 180 182
4330,48 50 55 56 65 66 74
4331,
4332,
4333,6
4334,
4335,
4336,57
4337,5 52
4338,44 49
4339,
4340,18 20 23 24
4341,125
4342,
4343,
4344,10 127
4345,7
4346,11
4347,55
4348,
4349,
4350,
4351,60 77 88 96 325 331 335
4352,62 138
4353,153 161 170 171 175
4354,70
4355,157
4356,4 44 49 53
4357,
4358,
4359,69 151 152 157 158 159 160 162
4360,11 52 53 55 69 73
4361,3 68 322 324 357
4362,
4363,
4364,
4365,
4366,
4367,
4368,
4369,11 321 323
4370,76
4371,76
4372,67 70 73
4373,7 55 66 263 317 321 323 339
4374,
4375,
4376,
4377,
4378,52 68
4379,11 263 317 321 323 339
4380,
4381,
4382,7 11 55 61
4383,157 175
4384,134
4385,
4386,
4387,11 121 134 317 339
4388,153 156 165 168 175 176 178
4389,125
4390,44 70
4391,
4392,264
4393,
4394,6 70
4395,6
4396,62 70
4397,
4398,
4399,70
4400,
4401,69 73 151 157 158 159 160 162 163
4402,133
4403,
4404,129
4405,
4406,
4407,
4408,
4409,
4410,3 7 56 63 66 68 70
4411,
4412,68
4413,
4414,256
4415,11
4416,
4417,54 59 64 65 72
4418,66 164 166 169 171
4419,256
4420,123 132 134
4421,123 126 132
4422,126 134
4423,
4424,
4425,16 125 128 134
4426,125 126
4427,46 70
4428,4 5 49
4429,152 153 160 163 165
4430,
4431,77 325 331 335
4432,6 58 61 124 316 322 345
4433,58 65
4434,
4435,387
4436,
4437,152 153 160 169 184
4438,3
4439,46 70 169 172
4440,169
4441,70
4442,
4443,153 156 158 161 164 165 166 168 171 175 176 178 179 180
4444,70 134 264 317
4445,112
4446,357
4447,108
4448,45 78
4449,5 45 78
4450,6 45 51 63 78
4451,133
4452,
4453,322 324
4454,52
4455,
4456,132
4457,
4458,169 181 187 188 196 202 203
4459,46 58
4460,151 184
4461,
4462,
4463,125 127 128 133
4464,61 123 124 133
4465,62
4466,67
4467,11 44 68 152 157
4468,
4469,61 127 128 133 138
4470,7 11 52 68
4471,256
4472,
4473,
4474,
4475,70
4476,321
4477,70
4478,
4479,
4480,
4481,
4482,
4483,
4484,
4485,65 256
4486,174
4487,46
4488,6 46 49 52 62 67
4489,
4490,123
4491,6 49 62 124 125 314
4492,49 52 53
4493,123 127 128 129 132 133
4494,112
4495,125 132
4496,
4497,315
4498,128 138
4499,138
4500,
4501,153 156 165 171 175 182
4502,77 138 318
4503,138
4504,122 133 137
4505,129
4506,61 122
4507,61 122 129
4508,122 127
4509,61 122 128 130 133 134 136
4510,61 128 345
4511,123 124 127 128 130
4512,61 133
4513,125 127 128 129 130 133
4514,287
4515,122 138
4516,323
4517,
4518,
4519,55 317 321 323
4520,121 126 263 264 321 323
4521,
4522,11
4523,56 57 66 72
4524,
4525,44 67
4526,
4527,123 124 127
4528,260
4529,133 322 345
4530,125 127 128 129 130 133 134 136 259
4531,
4532,123 124 129 130 133 137
4533,
4534,
4535,
4536,
4537,56 66
4538,
4539,
4540,18 20 23 24
4541,9 18 20 23 24
4542,20 23 24 53
4543,19 20 21 24
4544,18 20 23 24
4545,18 23 24
4546,
4547,48 56 66 74
4548,58
4549,3 56 66
4550,94
4551,125 128 133 134
4552,104 256
4553,2
4554,
4555,124 256
4556,76 256
4557,263 315
4558,256
4559,3 49 74
4560,3 49 65 74
4561,3 56 58 61
4562,
4563,
4564,
4565,153 158 163 165 166 175
4566,258
4567,258
4568,112
4569,133
4570,
4571,127
4572,324
4573,
4574,
4575,
4576,7 9 11 321 330
4577,49 61 104 131 137 315 317 321 330
4578,9 21 44
4579,6 7 11 52 104
4580,124
4581,256
4582,
4583,
4584,
4585,
4586,
4587,
4588,
4589,
4590,
4591,169 172
4592,
4593,133
4594,6 44 58 67
4595,
4596,49
4597,122 125 130 133 262
4598,69 73 151 158 159 162 163
4599,
4600,
4601,6 7 58
4602,3 6 62 63 68
4603,50
4604,49 61 63 71
4605,62 70 71
4606,2 3 17 25
4607,
4608,94 325 335
4609,324
4610,
4611,
4612,7 260
4613,131 314
4614,131 315
4615,49 316
4616,49
4617,131 314
4618,49
4619,131 314
4620,315 316 317 345
4621,49
4622,104 131 314 316 317 330 345
4623,15 17 19 21 22 358
4624,131 315
4625,
4626,45 78 339
4627,45 339
4628,
4629,5 6 61
4630,2 16 17 25 27 356 359 360
4631,
4632,16 17 21 25 358 359
4633,
4634,67 152 157 159 161
4635,
4636,5 101
4637,386
4638,169 187 196 198 199 203
4639,101
4640,
4641,
4642,73 151 158 159 163 174 177
4643,1 17 19 320 356 359 360
4644,211 228
4645,112
4646,16 27 358 360
4647,27 356 358 359 360
4648,126 130 136
4649,123
4650,
4651,67 68 134 264 315 317 321
4652,
4653,134
4654,
4655,
4656,127 130
4657,130
4658,
4659,
4660,108
4661,63
4662,3 63 66 70
4663,
4664,
4665,
4666,
4667,
4668,165 176
4669,126 127 128 129 130 133 136
4670,278 279 281 286 295
4671,4 25 27 356 359 360
4672,
4673,
4674,169 188 192 194 196 199
4675,256
4676,52
4677,
4678,
4679,134 314
4680,6 63
4681,45
4682,48 74
4683,46 49 53 62
4684,
4685,25 27 358
4686,
4687,96 99
4688,58 65
4689,58 66
4690,48 56 66 74 153 156 157 161 164 165 168 171 173 176
4691,124 125 133
4692,260
4693,3 5 46 70 108 151
4694,4 44 46 49 61 256
4695,112 118
4696,129 322 324 330
4697,112
4698,127
4699,125 129
4700,5 11 66 330
4701,
4702,62 65 74
4703,3 6 357
4704,
4705,44 70 181 187 188 194 199 201
4706,5 66 69 73 151 152 157 158 159 160 162 174
4707,138 322
4708,2 49 132 315
4709,2 3 6 44 53 70 132
4710,2 53 61
4711,49 53 356 358 359
4712,27 356 357 358 359 360
4713,169 172 188 194 196
4714,61
4715,
4716,11 44 49 55 58 61 62 63 66 67 104 317 321
4717,11 61 317
4718,
4719,
4720,
4721,
4722,44 46 49 158
4723,
4724,128 129 133
4725,62 124 127 128 129 133 136
4726,131 151 153 156 157 158 159 160 161 162 165 166 168 176 178 322
4727,27 356 359 360
4728,
4729,108
4730,123 126 256
4731,316 324
4732,112 118
4733,52 152 157
4734,3 49 131 132
4735,
4736,
4737,
4738,
4739,2 3 44 356
4740,
4741,10 65 66 152 153 154 156 157 158 159 160 161 162 163 164 165 166 169 171 174 175 317
4742,
4743,183 189
4744,
4745,108 112 118
4746,45 339
4747,339
4748,
4749,61 124 125 137 322
4750,62 322
4751,125 126
4752,128 134
4753,
4754,49
4755,153 156 161 164 165 168 171 175 178 179 180
4756,44 49 52 63
4757,315
4758,132 133
4759,
4760,258
4761,143 263
4762,
4763,
4764,139
4765,44 46 62 67
4766,67
4767,108
4768,67
4769,
4770,
4771,112
4772,125 129
4773,
4774,4 46
4775,9 15 17 19 21 22
4776,199
4777,124 204
4778,17 21 49
4779,
4780,
4781,
4782,9 12 49
4783,264 317
4784,
4785,
4786,
4787,44 70 256
4788,12 104 121 263 317 339
4789,9 70
4790,108
4791,138
4792,173 175 176
4793,125 127 132 133
4794,62 123 124 127
4795,124 125
4796,
4797,
4798,49 52
4799,
4800,
4801,
4802,159 164 166 169 171 175
4803,123
4804,169 172
4805,
4806,10
4807,27 360
4808,
4809,7 55 63 70 316 317 321 345
4810,7 55 61 62 63 71 321
4811,49 52 53 61
4812,68
4813,46 49 52 158
4814,44
4815,
4816,7 55 61 63 66 131 321
4817,
4818,123 133
4819,259
4820,211
4821,211
4822,
4823,
4824,69 151 153 154 156 157 158 159 160 161 162 163 164 165 166 168 169 171 172 175 177 205 321
4825,
4826,187 188 194 196 199
4827,256
4828,125 126 127 133
4829,166
4830,
4831,124 138 316
4832,256 264
4833,55 58 70 73 152
4834,65
4835,
4836,
4837,321
4838,44 169 172 181 187 188 192 194 196 197 199 200 202 203
4839,
4840,166
4841,160 162 163 169 172 186 205
4842,
4843,3
4844,70 204
4845,5 46 53 61
4846,52
4847,
4848,158
4849,288 290 291 293 296 298 299 307
4850,62 68
4851,112 118
4852,17
4853,63 104
4854,1 2 5 17
4855,1 2 17 21
4856,17
4857,263
4858,69 73 151 152 157 159 162 174
4859,
4860,321
4861,7 68 138 321
4862,
4863,56 63 66 330
4864,63
4865,166 172
4866,
4867,134 317
4868,
4869,151 159 162 186
4870,
4871,
4872,6 49 55 61 63 67
4873,172
4874,
4875,
4876,
4877,
4878,49
4879,1 12 15 17 21 322 324 357
4880,123 128 133
4881,56 58 65 66 68
4882,139
4883,4 139
4884,
4885,
4886,
4887,256
4888,
4889,165 180
4890,
4891,
4892,6 16 52 357 358 360
4893,129 137 138
4894,
4895,127 128 133 316
4896,3 46 151
4897,53 62 67 157
4898,46 52 68 76
4899,
4900,49
4901,49 104
4902,70
4903,104
4904,49 316
4905,104
4906,49 204
4907,21
4908,129
4909,46 62 65 124 125
4910,52 152
4911,128 131 322 330
4912,256
4913,52 152 158
4914,123
4915,263
4916,73 158 163
4917,4 6
4918,55
4919,3 6 49 52 61 63
4920,4 5 10 46 70
4921,9 10
4922,11 68 137 138 315
4923,61 70
4924,6 53 58 61 345 358
4925,61 70 315 317 345
4926,
4927,9 62
4928,6 55 58 61 357
4929,9
4930,
4931,62
4932,126 132
4933,126
4934,
4935,
4936,
4937,314
4938,275
4939,58 123 124
4940,68 132 330
4941,77
4942,
4943,2 3
4944,2 9 22 62
4945,22
4946,22
4947,125 127 128 129 133 138 258
4948,11 68 127 131 138
4949,11 263
4950,
4951,52 73
4952,178 189 195
4953,169 172 188 192 194 196 199 200
4954,
4955,325 335
4956,70
4957,
4958,48 65 71 74
4959,48 74
4960,
4961,125
4962,291 293 299
4963,123
4964,108
4965,126 138
4966,153 166 169 171 175
4967,314
4968,112
4969,
4970,
4971,108 256
4972,
4973,123 127 128
4974,123 128 129 131 133 330
4975,124
4976,3 6 49 52
4977,
4978,138
4979,256
4980,
4981,48 56 74 345
4982,
4983,104
4984,322
4985,
4986,
4987,11 61 68 70
4988,
4989,
4990,165 171 176
4991,
4992,125 133 134
4993,313
4994,4 49 58 65
4995,62 68 121 123 126 127 128 132 133 134 259 263 264 316
4996,171 175
4997,5 56 62 74
4998,256
4999,
5000,44 49 55 58 61 63 65 66 72
5001,
5002,
5003,
5004,
5005,73
5006,
5007,3 17
5008,
5009,61 123 129
5010,138 314 322
5011,2 25 27
5012,
5013,125 126 127 138
5014,134
5015,6 7 46 61 68 108
5016,256
5017,
5018,
5019,61 62 124 131 314 345
5020,108
5021,4 6 58 63 152
5022,7 44
5023,123
5024,176 178
5025,288 290 291 293 298 299 307
5026,125 127 134 137 258 313
5027,5 6 7 61 69 357
5028,
5029,387
5030,
5031,5 63 66 124 131 330
5032,124 128
5033,
5034,44 49
5035,263
5036,44 51 58 62 63 71
5037,53
5038,157 159
5039,318
5040,129 134 136 138
5041,56 66 151 153 157 161 162 164 165 166 169 171 172 175
5042,68 134
5043,
5044,70 76 134 256
5045,112
5046,134 258
5047,46 58 70 123
5048,
5049,
5050,172 321
5051,62
5052,112 260
5053,11 67 134 137 316
5054,
5055,7
5056,
5057,134
5058,112 260
5059,
5060,
5061,128
5062,126 138 153 164 165 166 168 176 178 323
5063,
5064,220
5065,18 24 65 130
5066,4 58 62 66 123 127 130 131
5067,4 49 66 124 131
5068,124 131
5069,65 132
5070,65
5071,
5072,10 358
5073,289 295
5074,
5075,153 164 166 169 171 173 175
5076,187 189 190 202
5077,122
5078,132
5079,61
5080,151 157 164
5081,137
5082,112
5083,126 313 323
5084,
5085,
5086,138
5087,
5088,27 356 359 360
5089,281
5090,6 7 11 55 69
5091,158 163
5092,7 11 55 61 134 264 317 321
5093,128 358
5094,387
5095,387
5096,387
5097,387
5098,112
5099,
5100,153 158 163 165 166 170 171 173 174 175 176 179
5101,52 169 172
5102,70 131
5103,56
5104,206 225
5105,25 356
5106,27 359 360
5107,283 285 291 293
5108,283 293 299
5109,
5110,4
5111,
5112,
5113,
5114,
5115,62 123
5116,169 187
5117,122 123 269 356
5118,
5119,123
5120,256
5121,52 68 70
5122,
5123,67
5124,
5125,153 165 168 178
5126,
5127,123 128 132
5128,11 58 61 63 66 131
5129,
5130,
5131,345
5132,386
5133,
5134,345 386
5135,134 314
5136,
5137,166 173
5138,
5139,
5140,7 56 68 69 151 162 166
5141,169 194 199
5142,
5143,46 151 153 161 165 171 172 175 184 186
5144,138
5145,7 67 138 315
5146,256
5147,
5148,108 264
5149,339
5150,
5151,17 21 318 358
5152,
5153,
5154,11 65 66 124 330
5155,
5156,169 172
5157,256
5158,46 49
5159,44 49
5160,4 44 49 63
5161,10 131 151 315 325
5162,108
5163,322
5164,
5165,322 345
5166,
5167,176 318 335
5168,63 321
5169,
5170,53
5171,
5172,53
5173,
5174,
5175,134
5176,126 323
5177,
5178,269
5179,4 49 125 178
5180,
5181,
5182,5 152
5183,69
5184,
5185,53 70
5186,46 49 52 62
5187,53
5188,49 53 61 124
5189,
5190,171 175 176 182 189
5191,10 55 62 121 126 134 136 263 317 321 323 358
5192,
5193,10 121 154 166 168 170 173 263 264 321 323 338 339
5194,
5195,
5196,
5197,
5198,5 61 66 74 104
5199,51 63 104 345
5200,
5201,
5202,49 52 166 169 172
5203,
5204,2 10 17 21
5205,
5206,256
5207,153 164 169 171 172
5208,
5209,131 322
5210,112 128 134
5211,123 125 128 129 133 134
5212,172 181 187 188 190 194 196 198 199 200 201 202
5213,
5214,
5215,
5216,169
5217,
5218,65
5219,103 112 256
5220,5 9 14 19
5221,
5222,9 121 264 338 339 358
5223,9 11 12 55 62 104 121 131 136 257 258 263 264 314 317 321 323 339
5224,339
5225,260
5226,
5227,263
5228,127 137
5229,124 138
5230,44 151 158
5231,11
5232,
5233,187 190 192 194 196 199 200 202
5234,
5235,
5236,283 288 290 291 293 298 299 307
5237,286 287
5238,130
5239,11 68
5240,7 68 69 138 157 163
5241,323
5242,52 68
5243,
5244,
5245,4 5 11 52 61 62 63 69
5246,134
5247,44 46 158 357
5248,387
5249,
5250,112
5251,68 158 162
5252,
5253,
5254,153 156 158 161 164 165 166 168 171 173 175 179 180
5255,112
5256,152 157 159
5257,
5258,52 69 151 157 158 159 162 163
5259,67
5260,
5261,
5262,
5263,
5264,7 11 67 68
5265,68 163
5266,
5267,67 73
5268,256
5269,7 11 67
5270,73 158 160 162 163
5271,5 44 53 61 63 70
5272,108
5273,
5274,
5275,11 49 68 137 138 322
5276,7 324
5277,
5278,258 263
5279,264 339
5280,121
5281,69 73 151 157 158 159 160 162 163 165 169 174 177
5282,
5283,
5284,3 6 11 53 58 61 124
5285,7 321
5286,7 69 151 152 157 158 159 160 162 321
5287,4
5288,77
5289,322
5290,44
5291,44 53 316 322
5292,131 324
5293,61
5294,44 62 316 322
5295,131
5296,112
5297,67 131
5298,124 128 133 136
5299,358
5300,6 58 70 345
5301,
5302,101
5303,101
5304,101
5305,
5306,
5307,129
5308,16 358
5309,
5310,6 49 63
5311,46
5312,278 282
5313,94 316 325 335
5314,263 339
5315,313
5316,46 70 121 264 317
5317,339
5318,
5319,157
5320,66 157 165
5321,
5322,5 61 70
5323,49 63 65 66 330
5324,108 112
5325,3 6 7 70 132 357
5326,283 291 293 296 299 307
5327,112
5328,137 322 324
5329,1 10 12 14 15 16 17 19 21 22 322 324 357
5330,1 6 10 12 15 16 17 19 21 61 316 319 322 324 345 357 358
5331,1 9 12 14 15 17 19 21 22 322 358
5332,
5333,322 324 330 345
5334,
5335,
5336,
5337,
5338,357
5339,72
5340,58 62 65 345
5341,
5342,324 345
5343,151 153 156 157 159 160 161 162 164 165 166 168 169 171 172 173 175 177
5344,
5345,125 132 133 134 258 259 313
5346,256
5347,11 67 73 151 152 157 158 159 162
5348,
5349,124
5350,1 66
5351,
5352,
5353,6 7 11 49 61 67 68
5354,
5355,11 66 131 322
5356,3 5 46 70
5357,
5358,133 137
5359,
5360,
5361,
5362,44 61
5363,11 62 124 137 138 322 324
5364,44 61 63
5365,
5366,
5367,48 50 62 71 74
5368,61 62 71 74
5369,156 161 180
5370,68 324
5371,108
5372,70 138 322
5373,112
5374,
5375,123 133 137
5376,3 6 56 58 357
5377,
5378,
5379,5 55 58 61 386
5380,
5381,152
5382,152
5383,
5384,44
5385,52
5386,
5387,
5388,
5389,11 46 66
5390,163 174 177
5391,11
5392,
5393,126
5394,55 69 73 151 152 157 158 159 160 162
5395,172
5396,49 53 61 71
5397,11 52
5398,61 63 68 104
5399,
5400,3
5401,6 49 58 63
5402,132
5403,
5404,17
5405,126
5406,
5407,256
5408,123 126
5409,122 127 128
5410,
5411,128 132
5412,127 132 386
5413,3 46 49 53 61 108 131
5414,138
5415,125 132 133
5416,69 73 151 158 159
5417,125
5418,358
5419,124
5420,
5421,
5422,73
5423,127 128 129 133
5424,125 128
5425,6 121 134 258 264 316 317 321
5426,264
5427,108
5428,123 256
5429,56
5430,314
5431,
5432,339
5433,313
5434,4 55 58 65 70
5435,4 49 58 65 66
5436,
5437,52 63 131 132
5438,3 20 66 316
5439,
5440,127 129 130 324 330
5441,133 325 335
5442,133 325 335
5443,
5444,94 325
5445,
5446,6 11
5447,6 46
5448,6 49 61
5449,63
5450,6 7
5451,10 61 124 131 314 322
5452,11 52 152
5453,44 70 313
5454,
5455,4 70 314
5456,70
5457,256
5458,
5459,61 125 126 127 128 129 132 133 134 136 258
5460,
5461,
5462,9 14 15 17 21 22 387
5463,153 169 171 175 179 180 181
5464,4 5 46 58
5465,132
5466,313
5467,52 68
5468,5 11 61
5469,4 6 61 124
5470,11 61 131
5471,128 133 138
5472,
5473,58 166
5474,46 52 160
5475,
5476,6 12 52 62
5477,3 6 44 132
5478,4 314
5479,9 19 22
5480,61 62
5481,4 6 46 61 124 314 316
5482,3 6 46 49 357
5483,108
5484,
5485,
5486,124 126 127 128 129 133 136 137 264
5487,169
5488,
5489,112 118 260
5490,
5491,138
5492,
5493,4
5494,6 52 58 61
5495,
5496,127 129 132
5497,27 360
5498,
5499,
5500,
5501,
5502,4
5503,2 3 70
5504,3 6 44 45 63 70 78
5505,2 45
5506,2 3 5
5507,
5508,
5509,10 16 67 358
5510,68 134 137 138
5511,
5512,132
5513,
5514,67 125 133 322
5515,
5516,11 66 68
5517,11 56 66 71 74
5518,58 67
5519,11 52 66
5520,7 11 67 68
5521,55 56 67
5522,71
5523,313 321
5524,112 118
5525,137 138
5526,153 156 158 164 165 166 171 175
5527,114 120
5528,
5529,27 356 358 359 360
5530,27 356 358 359 360
5531,
5532,137 138 264 316 332 339
5533,
5534,169
5535,124 128
5536,70
5537,76 256
5538,169
5539,
5540,152
5541,
5542,161 176
5543,45 264 330 339
5544,
5545,
5546,152 159 160 164 169 172
5547,
5548,6 46 52 62 73
5549,
5550,68 138 357 358
5551,3 132
5552,318 325 331 335
5553,131 314 321
5554,
5555,
5556,108
5557,17 21 25 27 358
5558,384
5559,
5560,
5561,4 14
5562,
5563,256
5564,112
5565,68 157
5566,
5567,316 317
5568,6 7 62 68 123 129 134 138 315 316 317 345
5569,284
5570,
5571,58 63
5572,123 127 128
5573,56
5574,112
5575,335
5576,63 70
5577,
5578,4 77
5579,112 260
5580,127
5581,134 315 316 317 345
5582,112
5583,
5584,
5585,122 127 130
5586,122
5587,1 15 17 19 130 316 357 358
5588,1 15 16 17 19 56 65 66 129 130 131 319 320 330 357 358 359
5589,
5590,157 175
5591,61 108
5592,62 127 128 133 134
5593,27 356 359 360
5594,77 331
5595,
5596,
5597,
5598,67
5599,11 68 137
5600,114
5601,1 2 10 16 17 19 21 25 27 128 330 345 356 358 359 360
5602,1 2 10 16 17 19 21 316 330 345 356 358 359
5603,2 16 17 25 27 356 358 359 360
5604,283 288 290 291 293 299 307
5605,279 282 286
5606,
5607,134
5608,68
5609,
5610,94 153 156 161 165 176 178 179 180 325 335
5611,1 2 17 21
5612,6 44 58 63
5613,56 63
5614,124 133
5615,127
5616,
5617,66
5618,5 66
5619,2 21
5620,108
5621,315 316 322 336
5622,
5623,49 61 63 104 124 314 316
5624,322 324 330
5625,152 156 158 160 165 176 180 314
5626,11 62 124 129 131 137 138 322 330 345
5627,108
5628,128 256
5629,6 7 11 55 58 63
5630,49
5631,260
5632,
5633,
5634,108 112
5635,
5636,256
5637,61 66
5638,46 61
5639,
5640,63 132 138
5641,
5642,7 345
5643,345
5644,
5645,67
5646,
5647,313
5648,9 12 14 15 17 19 21 22 316 319 330 345 358
5649,9 14 19 21 22
5650,14 15 22 131
5651,
5652,1
5653,128 129
5654,
5655,48 56 66 74
5656,48 56 57 65 66 72 74
5657,48 56 57 65 66 74
5658,334
5659,
5660,128 269
5661,
5662,
5663,
5664,
5665,
5666,
5667,
5668,66 131 132 315 316 330
5669,1 10 48 50 55 62 65 66 74 330 345
5670,
5671,321
5672,10 358
5673,339
5674,10 16 323 358
5675,359 360
5676,358
5677,358
5678,16 121 134 264 317 338 339 357 358
5679,27 356 358 359
5680,52 53
5681,3 24
5682,44 46 49
5683,52
5684,49 162 172
5685,
5686,3 5 49 61
5687,52 62 132
5688,3 6 49 53 61
5689,44 53 61 63
5690,24
5691,108 112 260
5692,68
5693,67
5694,67 137 315 330
5695,116
5696,
5697,
5698,
5699,
5700,317
5701,
5702,
5703,125 127 128 129 130 133 137
5704,321
5705,125 126 134 136 137 138 264
5706,108
5707,153 156 157 165
5708,53 68
5709,44 46
5710,284 286 287
5711,
5712,62 263
5713,62 263
5714,5 10 46 61
5715,61 73
5716,73 158 159 174
5717,263 323 339
5718,151 153 156 158 159 161 162 163 164 165 166 168 169 171 172 175 179 180
5719,134 263 339
5720,112
5721,
5722,6 58 66 315 316
5723,
5724,153 161 164
5725,3 6 7
5726,44 70
5727,
5728,46
5729,17 19 49
5730,
5731,
5732,56 66 151 153 154 158 160 161 162 163 166 169 171 172 173 180
5733,
5734,54 55 56 57 64 65 66 72 81
5735,3 65 66
5736,55 56 65 66 152 157
5737,55 56 65 66
5738,57 65
5739,66
5740,6 46 52
5741,4 49 52 53 69
5742,46 151 158
5743,6 49 53 61 62
5744,4 11 53 55 62
5745,260
5746,256
5747,4 44 62 123 124 132 137
5748,129
5749,
5750,46
5751,
5752,52 152 157 317
5753,2 48 56 57 58 65 66 74 315 330 345
5754,1 48 50 56 65 66 74 330 345
5755,48 74 153 156 161 165 171 175 176 178 179 180 330
5756,123
5757,
5758,49 62 131 132
5759,124
5760,61 127
5761,108 112
5762,325
5763,126 127 128
5764,56 58 65 66
5765,123
5766,
5767,129
5768,206
5769,151 162 169 172 205
5770,4 70
5771,
5772,
5773,169 172
5774,21
5775,
5776,
5777,66 126 345
5778,65
5779,
5780,56 70
5781,7 45 56 65 66 68 134 317
5782,7 68 70 73
5783,7 11 68
5784,
5785,
5786,
5787,
5788,263 338
5789,
5790,27 356 360
5791,
5792,130
5793,7 11 55 67 68 69 157
5794,
5795,49
5796,5 52 61
5797,4 10 49 53
5798,4 5 46 52 61 70
5799,2 10
5800,
5801,
5802,1 48 56 66 128 330
5803,48 56 153 156 161 164 169 171 172 176 179 180 181 183 187 188 189 190 192 198 201 203
5804,48 56 65 66 74 122 129 269 330
5805,1 2 356 358 359
5806,112 118
5807,5 61 137 314 345
5808,49 324
5809,5 44 52 61 63 70 131 138
5810,
5811,61 67 131 315
5812,14 22 122 127 314 358
5813,
5814,48 55 56 65 66 69 74
5815,
5816,187 189 190 202
5817,357
5818,10 357
5819,
5820,
5821,66 158 161 162 165 166
5822,124 128
5823,
5824,5 7 55 61 63 69 134 317 321
5825,44 49 63
5826,
5827,
5828,3 46 70 386
5829,
5830,
5831,101
5832,386
5833,
5834,5 44 63 70 104
5835,70
5836,52 70
5837,7 67 69 73 152 157 158 159 163
5838,
5839,63 70
5840,131 137
5841,138
5842,6 70
5843,7 11 55 67 68 151 157 159
5844,11 46 66 68
5845,
5846,1
5847,1 320
5848,1 10 17 19 21 330 358
5849,45 47 96 330 344
5850,63 124 330
5851,63 124 330
5852,44 138 322 339
5853,358
5854,1 12 17 19 21 358
5855,4 6 49 53 58 65
5856,49 53
5857,46 49 52
5858,49 53
5859,112
5860,125 126 127 128 129 133
5861,
5862,46
5863,44 53 70
5864,44 46 49
5865,134 315 317 345
5866,
5867,131 132 345
5868,151
5869,17
5870,56 57
5871,1 17 356 359 360
5872,1 359
5873,
5874,
5875,357
5876,
5877,138 314
5878,256
5879,116
5880,
5881,387
5882,387
5883,77 318
5884,315
5885,345
5886,
5887,169
5888,129 151 176
5889,17 21 25 27 359
5890,49
5891,44 61 67 68
5892,44 53 58 204
5893,44 55 58 63 313 321
5894,152
5895,112
5896,
5897,125 126 127 131 133 138
5898,48 56 65 66 74
5899,48 56 65 66 74
5900,6 48 55 56 58 65 66 74
5901,48 56 65 66 74 153 156 161 165 166 171
5902,48 55 56 58 62 65 74
5903,48 55 56 65 66 74
5904,123 125 133 259
5905,
5906,156 158 166 168 175
5907,44 67
5908,77
5909,
5910,
5911,
5912,123 127
5913,112 118
5914,123 126 127 128 129 133 136 258 259
5915,108 112
5916,62 124 131 314 322
5917,131 132 133 138 322 324
5918,63 131 321 322 324 330 345
5919,62 63 104 131 132 314 322 324 330 345 357
5920,
5921,
5922,
5923,
5924,263 317 321
5925,121 263 339
5926,256
5927,
5928,
5929,
5930,
5931,
5932,
5933,
5934,101 386
5935,2 17 358
5936,
5937,
5938,
5939,
5940,324 345
5941,
5942,124 125 128
5943,
5944,6 7 44 55 63 69 152 158 162
5945,330
5946,4 5 10 49 58 61
5947,68
5948,56 68
5949,68
5950,55 65
5951,112
5952,123
5953,
5954,
5955,
5956,360
5957,
5958,62 315
5959,169 172 205
5960,108
5961,324 357
5962,17 21
5963,123
5964,
5965,
5966,
5967,153 160 164 169 172 186 205
5968,
5969,330
5970,48 56 74 330
5971,62 63 314 330
5972,345
5973,73 174
5974,322 324 357
5975,56 57 64 66 72 81 94
5976,
5977,125
5978,56 153 156 161 164 165 166 169 171 172 175 179 180
5979,56 65 153 156 160 161 164 165 166 168 169 171 172 173 175 179 180
5980,55 56 57 65 66 72
5981,55 56 58 63 65 66
5982,55 56 58 63 65
5983,63 65 66
5984,5 44
5985,11
5986,
5987,289
5988,
5989,46 52 169
5990,256
5991,44 61 313 315 321
5992,61
5993,52 321
5994,11 49 61 67 68 70
5995,49
5996,6 46 49 61 313
5997,11 313 315 321
5998,49 61 315 316 317 321
5999,17 25 27 356 359 360
6000,
6001,137
6002,
6003,48 72 74
6004,56 65 72 74
6005,56 63 65 66
6006,283 290 291 293 296 298 299 307
6007,
6008,63
6009,49
6010,1
6011,
6012,
6013,
6014,
6015,
6016,45
6017,45
6018,45
6019,45
6020,45 51 63 263
6021,45
6022,6 104 264
6023,45
6024,45
6025,55 56 58 70
6026,
6027,61
6028,61 317
6029,53 61
6030,5 10 12 52 61 124 357
6031,6 49 55 61 63 66 317 321
6032,5 7 67 68 69 70
6033,58 151 154 160 162 169 315 317
6034,46
6035,68
6036,127 128
6037,
6038,7 157 159 161 164 166
6039,11
6040,
6041,5 7 52 62 70 131 132 314
6042,153 171 175 176 178 179 180 183 189 193 195
6043,
6044,133 316
6045,169
6046,
6047,152 153 156 157 158 159 160 161 162 164 165 166 168 171 173 175 176 177 178 193
6048,169
6049,295
6050,
6051,44 49 151 158 162 163 166
6052,1 4 315
6053,1 131
6054,320
6055,16 314
6056,356
6057,2
6058,103 112 118
6059,264 330
6060,
6061,
6062,
6063,4
6064,11 68 121 264 317
6065,11 68 323
6066,11 151
6067,
6068,11 46 49
6069,11 68 121 137 138 264 339
6070,68
6071,68 134 339
6072,68 264
6073,68
6074,
6075,187 202
6076,
6077,6 44 49 52 63
6078,46
6079,11 16 67 137 357 358
6080,70
6081,6 46 52 53 61
6082,53 70
6083,11 46 49 55 61 62 68 124 126 136 316 321 323
6084,
6085,
6086,313
6087,52
6088,125 134 315
6089,256
6090,
6091,4
6092,3
6093,104 256
6094,
6095,
6096,123
6097,56 66 125 128 131 134 316 317 321 323 330 345
6098,
6099,123 132
6100,55 56 65 66 69 151 157 158
6101,
6102,124 125 128 133
6103,125 129 132
6104,153 156 164 165 168 169 171 179 180
6105,
6106,
6107,282
6108,175 177
6109,387
6110,387
6111,104
6112,112
6113,112 118 260
6114,314
6115,211
6116,
6117,76
6118,46 52 62 131
6119,1 17 21 356 358 360
6120,1 17 27 356 358 360
6121,108 256
6122,
6123,199
6124,52 68 152
6125,
6126,
6127,7 11 55 61
6128,124 125 128
6129,
6130,21
6131,27 356 359 360
6132,286
6133,56 138
6134,
6135,
6136,65 94 325
6137,54 64 72 81
6138,56 153 156 161 164 165 166 168 170 171 173 175 180
6139,55 56 57 65 66
6140,55 56 57 65 66
6141,55 56 57 66 72
6142,4 65
6143,55 56 58 63 66 70
6144,58 65
6145,55 56 58 63 66 72
6146,55 63 65 66
6147,54 57
6148,
6149,4 49 65
6150,54 64 72 81
6151,
6152,70
6153,
6154,121 124 314 332
6155,
6156,
6157,11 56 58 66 126 151 157 158 159 161 162 166 169
6158,
6159,
6160,127 128 129 131 133 258 259
6161,112
6162,165
6163,127 128 129 133 137
6164,
6165,44 137 138 322
6166,1 2 16 17 19 21 25 27 358 359
6167,1 2 17 25 356 358 359
6168,1 17 21 25 357 358 359
6169,1 2 17 320 357 358 359
6170,325 330 345 357
6171,156 169 172 180 181 183 184 186 187 188 189 190 191 192 194 196 198 199 200 201 202 203 205
6172,1 2 16 315 345 357 358
6173,1 2 17 21 358
6174,1 345
6175,129 132 315 335 345 357 358
6176,1 2 17
6177,1 2 16 17 359
6178,
6179,127 356 360
6180,45 63
6181,
6182,
6183,152 153 156 160 161 162 164 168 169 171 172 175
6184,178
6185,131 151 156 160 161 165 176
6186,129 176
6187,56 66 152 153 156 157 158 159 160 161 162 163 164 165 166 168 169 171 172 174 175 177 180
6188,160 169 172 181 188 199 205
6189,63
6190,73 158 162 163 174
6191,
6192,358
6193,5 11 53 61
6194,
6195,52
6196,70 161
6197,112
6198,6 11 61 69
6199,108 259
6200,125 130
6201,49 314
6202,125
6203,49 66
6204,
6205,123
6206,
6207,129 330
6208,
6209,
6210,48 56 58 65 316 345
6211,48 56 65 72
6212,48 56 65 152 153 164 165 171 179 314
6213,65
6214,56
6215,14 22 48 65 358
6216,
6217,68 70
6218,44 63
6219,
6220,
6221,
6222,
6223,11 44 61
6224,11 168 263 321 323 339
6225,112
6226,126 128 129 133 136 137
6227,68 138
6228,11 68 124 131 137 138 314
6229,
6230,65 66
6231,5 358
6232,
6233,62 122 125 128 129 130 133 322
6234,153 156 161 164 166 168 169 171 172 175 179 180
6235,73
6236,
6237,14 15 17 19 21 22
6238,3 14 15 17 19 21 22 104 357
6239,9 12 14 15 17 19 21 22 104 357 358
6240,6 9 12 14 15 16 17 19 21 22 61 104 131 317 321 322 345 357
6241,9 10 12 14 15 16 17 19 21 22 104 316 317 322 357 358
6242,9 10 12 14 15 16 17 19 21 22 316 322 357 358
6243,9 15 104
6244,9 12 14 15 17 19 21 22
6245,124 187
6246,
6247,125
6248,124 127 128 129 130 133 136
6249,
6250,49 67 73 152 157 158 160
6251,325
6252,
6253,124 126 127 128 133 136
6254,
6255,
6256,138
6257,
6258,5 7 52
6259,
6260,
6261,
6262,
6263,5 63 386
6264,2 128
6265,2 17 25 27 356 359 360
6266,6 386
6267,
6268,2 101 127 128 133 386
6269,
6270,
6271,386
6272,
6273,2 127 386
6274,11 55 66 68 69 151 152 157 158 160 162 163 165 321
6275,
6276,56 65 66 72 132
6277,64 72
6278,4 65
6279,4 6 49 55 65 66
6280,3 6 55 56 58 61 66 70
6281,4 5 46 49 58 65 66
6282,5 52 68
6283,11 151 157
6284,
6285,73
6286,
6287,4 5 69
6288,5 6 46
6289,
6290,277 278 279 281 284 286 287
6291,112 118
6292,48 61 66 74
6293,44 49 61 65 132
6294,6 46 52 55 58 62 70 124 314
6295,156 179
6296,166 171 175
6297,134 264
6298,16 126 138 323 358
6299,55 58 66 123 126 134 315 321 323
6300,324 345
6301,
6302,176 187 190 202
6303,
6304,258
6305,
6306,256
6307,264
6308,
6309,46
6310,
6311,52 67 68
6312,27 356 358
6313,44
6314,70
6315,52 68
6316,44
6317,
6318,
6319,
6320,19 21 22
6321,61
6322,153 161 171
6323,52 70
6324,169 172 181 187 188 192 194 196 198 199 200 201
6325,5 44 53 63 66 70
6326,112 118
6327,60 77 88 94 98 318 325 331 335
6328,
6329,48 56 63 65 66 74 330 345
6330,4 49 53
6331,183
6332,122
6333,
6334,153 156 169 171 172 175 179 180
6335,4 5 49 53 61 63
6336,158
6337,67 68
6338,49
6339,
6340,49
6341,63 313 321 339
6342,
6343,
6344,126 127 128 132 133 136
6345,189 193 195
6346,96 98 99 348
6347,
6348,132 315
6349,
6350,
6351,46 48 56 65 66 74 330
6352,48 56 66 74
6353,48 65 74
6354,48 50 56 65 66 71 74 330 345
6355,48 74
6356,48 50 56 62 65 66 71 74 131 330 345
6357,
6358,62 123 127 129 130
6359,162 166 171 174 177
6360,124 330
6361,
6362,131 132 330
6363,61 130 320
6364,61 128
6365,178
6366,1 131 320 359
6367,46
6368,125
6369,70
6370,125 314
6371,320
6372,61 124 131
6373,2
6374,63
6375,112
6376,138 324
6377,176 178 185 195
6378,112
6379,61 127
6380,
6381,
6382,3 61 68 124 330
6383,11 68 137 138 263 322 339
6384,67 137 339
6385,264
6386,264
6387,264
6388,264
6389,
6390,
6391,67
6392,
6393,
6394,126 127 128 129 134 136 137 138 258 264
6395,153 165 176
6396,4 70 125 131
6397,76 316
6398,4 49 132
6399,152 153 158 165
6400,3 46 124
6401,
6402,6 7 58 61 63 131 330
6403,5 63 70
6404,313
6405,70 256
6406,
6407,
6408,2 61 63 66 104 131 132 314 330 345
6409,7 11 104 138 317 321
6410,6 55 61 62 63 66 104 314 317 321 345 357
6411,104 317
6412,
6413,3
6414,
6415,169
6416,129 138
6417,
6418,108
6419,44 46
6420,69 73 152 157 158 160 162
6421,129 137 138
6422,
6423,138
6424,129 138
6425,123
6426,44 67
6427,226
6428,
6429,124 133 137
6430,5
6431,
6432,
6433,
6434,340
6435,151
6436,158 160 163
6437,
6438,
6439,123 126 127 128 134 136 258 263
6440,55 61 73
6441,126 136 137 138
6442,11
6443,7 67
6444,260
6445,56 66
6446,
6447,11 49 67
6448,
6449,
6450,171
6451,56 66
6452,
6453,3
6454,
6455,124 204
6456,59 64 72
6457,6 49 61 124 316
6458,127 131 133 322
6459,6 61 124 131 316
6460,6 73 152 162 316 324
6461,121 126 263 264 315 316 321 323
6462,4 63
6463,5 69 152 157 161 162
6464,1 2 17 122 128 129 133 320 345
6465,108
6466,256
6467,124 127 137 164 176 178 193
6468,
6469,7
6470,67 131 315
6471,
6472,3 15 17 21 315
6473,
6474,9 14 15 17 19 21 22 70
6475,12 19 49
6476,44 49 315
6477,12 15 17 19 21 22 44
6478,9 21
6479,3 6 12 15 17 21
6480,
6481,
6482,
6483,55
6484,
6485,
6486,323
6487,121 134 258 263 323
6488,
6489,5 7
6490,
6491,7 67 317
6492,
6493,68 138 314 316
6494,169
6495,51 63 104 330
6496,
6497,315
6498,
6499,70 315
6500,
6501,
6502,130 147
6503,130 147
6504,126 130 147 323
6505,16 17 25 359
6506,
6507,
6508,112
6509,128
6510,
6511,
6512,
6513,69 157 158 159 160 163
6514,129 133
6515,10 14 17 19 21 22
6516,
6517,18 20 23 24
6518,9 10
6519,4 5
6520,318
6521,
6522,62
6523,62
6524,
6525,11 52 68
6526,157 159
6527,46
6528,55 56 66 70 151
6529,
6530,54 57 72 81
6531,104 108
6532,74
6533,
6534,
6535,44 313
6536,
6537,49 65 66
6538,56 58 63 66 131 132 154 313 315
6539,
6540,
6541,44 52 63
6542,55 69 73 151 157 158 162
6543,55 56 65 66 69 74
6544,
6545,
6546,61 66 127 128 129 131 133 386
6547,58
6548,52 161 166
6549,
6550,108
6551,123 124 330
6552,124 125
6553,7 11 66 68 138 321
6554,256
6555,256
6556,5 7 11 55 58 61 62 63 66 134 258 263 264 317 321 339
6557,263
6558,112 256
6559,
6560,264
6561,11 67
6562,112
6563,7
6564,124
6565,
6566,
6567,5 6 46 61
6568,3 6 53
6569,4 6 63 124 314
6570,345
6571,108
6572,124 125 126
6573,158 163
6574,112
6575,160 163 165 166 169 171 172
6576,
6577,46 52
6578,49 61 124
6579,44 313
6580,61 67 70 73
6581,
6582,3 124
6583,
6584,55 56 58 66 131 264 316 321 322 330 345
6585,178
6586,143 258 263
6587,46 73 151 158 160
6588,143 263
6589,123
6590,256
6591,360
6592,123
6593,
6594,152 172 181 187 199
6595,
6596,49 78
6597,169 172 179 188
6598,
6599,6 55 58
6600,264 323
6601,
6602,330
6603,
6604,98 352
6605,44 53 62 63
6606,161 169
6607,
6608,46 49 53 62 124
6609,131
6610,
6611,129
6612,121
6613,256
6614,6 46
6615,46 49
6616,
6617,126 127 132 133 259
6618,132 258
6619,112 118
6620,6
6621,127
6622,4 5 6 61 63
6623,3 49 63
6624,
6625,3 6 70
6626,
6627,
6628,126 127 128 129 131 133 138
6629,78
6630,
6631,151 161 165
6632,130 133
6633,62 127 128 129 131 132 133 138
6634,52
6635,45 63 78
6636,
6637,4 46 62 70 314
6638,4 48 62 70 74
6639,4 62 70 74
6640,4 62 65
6641,58 62 66 71
6642,
6643,44 53 70 204
6644,
6645,169
6646,5 46 52
6647,46 62 68 123 126 128 130 323
6648,112 118
6649,77
6650,63 124 131 330
6651,124 330
6652,62 330
6653,70 324 345
6654,
6655,2 3 17 25
6656,2 25
6657,
6658,
6659,112 118
6660,55 69 151 157 158 159 162
6661,
6662,
6663,11 68 137 314
6664,68 264 315
6665,11 67 137 315 316
6666,4 63 70 124 131 314
6667,
6668,360
6669,58 62 65
6670,
6671,125 130 133
6672,
6673,133
6674,176 178 182 183 185 193 195
6675,123 126 127 128 133 258
6676,125 127
6677,
6678,52 322
6679,3 20 24 132
6680,133 322 324
6681,104
6682,45
6683,45 63
6684,
6685,63 124 131 314 345
6686,27 356 360
6687,282
6688,165 169
6689,7 49 52 61 67
6690,134
6691,
6692,4 49 53
6693,153 156 161 169 175 179
6694,68 69 151 152 157 158 159 160 162 163
6695,44 67 68 70
6696,108
6697,46 49
6698,
6699,285 288 291 293 298 299 304 307
6700,
6701,6 44 55 56 58 62 63 65 66 74
6702,3
6703,
6704,123 133 316 322 336 345 357
6705,62 124 131 314 322 330
6706,
6707,286 287
6708,287 295
6709,
6710,96 98 99 348 352
6711,53 61
6712,44
6713,153 169 179 180 181 186 187 188 192 199 200 201 203 318
6714,49 62
6715,
6716,386
6717,
6718,
6719,61 125 133 134 263
6720,133
6721,11 69 73 152 157 158 159 163 174 177
6722,10 11 69
6723,6 49 62 63 204
6724,
6725,
6726,138 315 321 345
6727,1 4 5 9
6728,172 181 184 187 192 194 196 199 202 203
6729,2 9 14 17 19 21 22 358
6730,315
6731,
6732,134
6733,108
6734,
6735,3 5 7 134 263 317 321 323
6736,158 162
6737,7 11 55 61 67 121 134 263 264 315 316 317 339 340
6738,134
6739,7 67
6740,2 359 360
6741,
6742,126 134 258
6743,44 46 70 108 256
6744,151 168 172 188
6745,44 62 63 132 314
6746,11 52 73
6747,
6748,131 323
6749,
6750,57 65 84 131 325
6751,49 55 56 57 65 66
6752,57 65
6753,
6754,3 53 315
6755,4 52 131
6756,5 53
6757,5 46 61
6758,322 324
6759,
6760,
6761,169 179 180 181 187 188 192 194 200 205
6762,131 322 330 345
6763,
6764,258
6765,
6766,169 172
6767,128 130 133
6768,128
6769,133
6770,128 130
6771,124 125 128 133
6772,123 125 128 133
6773,49 52 53
6774,131
6775,
6776,
6777,
6778,69 152 158 160 162
6779,11 55 65 66 67
6780,9 17 19 21
6781,
6782,
6783,291 293 296 299
6784,
6785,6 44 53
6786,
6787,77 96 98 318 331
6788,
6789,44 187 194 197 199 200 202 203
6790,
6791,46 151 169 172
6792,264
6793,
6794,11 69 73
6795,125 126 127 128 133 134 136 138 258 264
6796,
6797,124
6798,
6799,258 260
6800,
6801,127 128 129 133
6802,283 291 293 296 299 307
6803,
6804,
6805,
6806,11
6807,
6808,11 44 63
6809,11 62 138 322 324
6810,10 27 356 359 360
6811,
6812,164 171 175
6813,11 56 58 67 137 138
6814,67 68 134 317
6815,56 66
6816,
6817,72 81
6818,56 57 72
6819,56 66 72 153 166 169 171
6820,72
6821,
6822,
6823,158 163
6824,126 143 264
6825,259
6826,
6827,
6828,256
6829,360
6830,
6831,45 51 112 263
6832,
6833,
6834,
6835,
6836,171
6837,
6838,45 94 153 156 161 165 178 188 318 325 335
6839,
6840,61
6841,27 356 359 360
6842,
6843,
6844,
6845,
6846,323
6847,
6848,96 98 99 348
6849,
6850,
6851,7 11 67 68 138
6852,18 20 23 24
6853,11 52 62 67 124 131
6854,
6855,
6856,7 11 62
6857,153 156 159 165 166 168 174 175 178 182
6858,7 138
6859,77 94 318 325 335
6860,
6861,16 128 133 316
6862,27 356 359 360
6863,
6864,
6865,
6866,
6867,
6868,
6869,62 322 324
6870,4 5 70 124 131 314 322
6871,49
6872,
6873,49 69 158 160 163
6874,46 70 73
6875,
6876,
6877,
6878,6 130 360
6879,17 132
6880,
6881,
6882,
6883,61 65 66 131 321 330
6884,65 66 125 320
6885,
6886,
6887,
6888,
6889,4 53 61 124 131 314
6890,11 61 124 131
6891,44 157
6892,134 152 317
6893,152 165
6894,134
6895,
6896,
6897,258 259 260
6898,68 123 126 264
6899,
6900,
6901,3 6 52 70 162
6902,181 187 192 194 196 199 202 203
6903,
6904,
6905,
6906,18 23 24 56 63 66 330
6907,6 53
6908,54 72
6909,264
6910,264
6911,
6912,124 129 130 133 137
6913,
6914,129 137
6915,176 193 195
6916,16 316 319 320 322 324 326 345 357
6917,
6918,112 118 260
6919,133
6920,125 126 127 128 129 133 134 136 258 259
6921,112
6922,324 330
6923,137 322
6924,127 128 129 133 258 259
6925,
6926,46 49 151 160
6927,6
6928,
6929,104 256
6930,172 181 184 187 188 192 194 196 198 199 200 201 203
6931,
6932,
6933,7 52
6934,5 52 73
6935,127 324 357
6936,
6937,
6938,334
6939,286 287
6940,98 344
6941,124 128 256
6942,
6943,
6944,16 129 130 147 320 325 359 360
6945,130
6946,130 359 360
6947,130 320 359
6948,66 129 130 131 320 330 359
6949,126
6950,
6951,
6952,339
6953,53 79 161 163 164 175 177
6954,
6955,126 131 316 323 339
6956,3 24 70
6957,169 172
6958,46 127
6959,6 44 58 62 70 315
6960,4 5 10 18 23 24 44 124
6961,124 256
6962,4 49 132 256
6963,94 345
6964,
6965,
6966,5 7 11 49 55 61 68 104 124 131 263 317 321 345
6967,121 125 126 127 128 133 134 258 264
6968,
6969,7 11 56 58 61 66 131 133 315 316 322 324 345
6970,
6971,9 387
6972,9 14 15 17 19 21 22
6973,17 19 21 358
6974,325
6975,
6976,132 335
6977,4 6 55 61 62 63 124 131 314
6978,4 5 70
6979,3 5 44 63 70 131 132
6980,4 5 49 52 68 70
6981,
6982,70
6983,52 62 124 131 315
6984,132 133 315
6985,123 125 133
6986,46
6987,
6988,123 132 256
6989,
6990,
6991,
6992,6 11 52 53 68
6993,7 11 67 68 151 152 157 158 162 163
6994,158 175
6995,4 126 323
6996,125 126
6997,175
6998,
6999,123 125 127 138
7000,65 156 169
7001,
7002,49 138 322
7003,138
7004,138
7005,6 11
7006,123 127 128 129 133 258
7007,
7008,
7009,11 137 138
7010,360
7011,
7012,
7013,
7014,
7015,
7016,
7017,
7018,
7019,
7020,
7021,67 68 69 158 159
7022,164 176
7023,
7024,
7025,
7026,129 131
7027,11 44 68 70
7028,103 112 118 256
7029,121 125 126 134 136 137 138 258 263 264 323 339
7030,7 128 134 138 264
7031,11 55 56 65 66 73 151 157
7032,63
7033,
7034,
7035,46
7036,11 49 53 67
7037,49 63
7038,3 70 151 315
7039,127
7040,
7041,58
7042,69 73 152 157 158 159 160 162 163 174
7043,
7044,131 324 325 330 345
7045,260
7046,61 125 128 129 132 133 134 136
7047,112
7048,
7049,153 157 159 161 164 171 175
7050,
7051,4 25 27
7052,
7053,
7054,
7055,112 118 260
7056,
7057,17 21 25
7058,49
7059,3
7060,124
7061,72 81
7062,49 61 137 313 321
7063,44 53 70 151
7064,125 128 132 138 314
7065,256
7066,108
7067,46 169
7068,315 335
7069,4
7070,124
7071,
7072,126 132
7073,
7074,188
7075,16 323 357
7076,1 5 19 124 126 130 133
7077,4
7078,
7079,14 21 22
7080,
7081,
7082,48 55 56 65 66 74
7083,264
7084,264 357 358
7085,
7086,
7087,
7088,
7089,387
7090,387
7091,
7092,
7093,61 124 129 134 137
7094,
7095,
7096,
7097,
7098,
7099,9 10 159 166 170 173
7100,
7101,127
7102,65 66 131 151 172 323 330
7103,387
7104,1
7105,
7106,3 15 44 61 313
7107,15 17 21
7108,152 161 314
7109,9 70 315 321
7110,
7111,7 11 68 151 157 158
7112,
7113,4 11 55 61 65 66 121 321 340
7114,112
7115,
7116,125
7117,127 133 138
7118,132 256
7119,123 124
7120,169 172
7121,27 356 359 360
7122,287
7123,
7124,49 313 321
7125,
7126,315 330
7127,44
7128,
7129,49 132 315
7130,131 314
7131,123 138
7132,
7133,17 130 320 356 358 359 360
7134,
7135,
7136,54 57 64 72 81
7137,57 72
7138,
7139,11 121 125 126 134 138 154 158 258 261 263 264 323
7140,323 339
7141,
7142,9 10 12 61 104
7143,153 158 160 162 163 164 165 166 169 171 172 205
7144,
7145,143 263
7146,123 256
7147,
7148,
7149,7 11 68
7150,
7151,4 5 11 49 61 67 68 70
7152,
7153,73 158 159
7154,1 2 10 16 17 128 129 130 131 133 316 330 345 356 358 359
7155,17 19 21 22 27 122 130 356 358 359 360
7156,2 10 61 131 133 357
7157,7 46 52 68 69 158 160 163
7158,
7159,126 264 318 323 358
7160,
7161,10 11 121 137 264
7162,126 138 264 323 358
7163,112 256
7164,61 123 128 132 259
7165,386
7166,
7167,
7168,
7169,
7170,161 176 178
7171,
7172,
7173,153 156 158 162 166 175
7174,
7175,125 127 137 258
7176,4 6 52 53 61 70
7177,5 44 152 158
7178,
7179,3 49 62 132
7180,263 386
7181,
7182,49 55 69 151 157 158 159 160 162 163 172
7183,70 134 316
7184,
7185,121 133 134 258 263
7186,126
7187,256
7188,137
7189,
7190,11 44 46 49
7191,44 70
7192,6 44 46 49 52
7193,159 177
7194,60 77 318 331
7195,330 345
7196,52 62 73
7197,
7198,
7199,7 138 322
7200,7 138 322
7201,27 356 360
7202,61 68 123 127 128 129 133
7203,112 118
7204,4
7205,18 23 24
7206,
7207,
7208,
7209,
7210,
7211,46
7212,
7213,46 52
7214,3 52 134
7215,
7216,46 313 321
7217,
7218,27 356 360
7219,5 61 104 316 322 345
7220,
7221,125
7222,55 58 65 66 158 165
7223,256
7224,
7225,5 46 53
7226,169 172 192 199
7227,4 5 46 53
7228,112 118
7229,96 98 99 318 344 348
7230,
7231,123 126 134 258 263
7232,
7233,
7234,
7235,48 58 65 66 74 124 345
7236,48 56 66 74
7237,74
7238,55 56 58 61 151 321
7239,56 66 127
7240,264
7241,108
7242,3 46
7243,
7244,
7245,
7246,153 156 161 162 171 321
7247,63 131
7248,
7249,
7250,
7251,
7252,
7253,211
7254,
7255,
7256,45 63 104 317 321 330 345
7257,63 104 317 321 345
7258,63 104 317 321
7259,11
7260,104 152
7261,
7262,
7263,1 6 10 12 15 61 131 314 322 324 345 357
7264,6 10 55 61 62 63 66 104 124 131 314 316 317 321 322 330 345 357
7265,
7266,
7267,
7268,
7269,2 17 21
7270,17 21
7271,17 19 21
7272,2
7273,21
7274,11 56 66 128 129 133 136 137 316 330 345
7275,108
7276,11 46 61 70
7277,7 50 67 71
7278,6 71
7279,6 7 50 58 62 63 71
7280,7 11 63 68
7281,5 11 53 56 63 66 68 70
7282,108
7283,11 55 56 58 66
7284,56 65 153 156 161 164 165 166 168 169 171 172 173 175 179 180
7285,56 65
7286,61 127
7287,
7288,
7289,
7290,49 61 131 314
7291,132
7292,330
7293,
7294,165 166 176 178 185 189 193 195
7295,70
7296,339
7297,
7298,
7299,151 153
7300,3 315 345 357
7301,
7302,
7303,4
7304,
7305,
7306,3
7307,317
7308,
7309,4
7310,44 67
7311,
7312,
7313,128 137 138
7314,112 118
7315,153 156 161 162 171 175
7316,7 62
7317,153 156 157 159 161 164 165 166 168 171 172 173 175 179 180
7318,61
7319,
7320,128
7321,127 128 129 133 136 316
7322,1 17 25 27 358 359 360
7323,52
7324,5 11 55 62 73
7325,
7326,55 58 61 317 345
7327,55 61 317 345
7328,11
7329,11
7330,11
7331,55 62
7332,58 61 317 345
7333,
7334,
7335,11
7336,
7337,5 61 69
7338,
7339,
7340,
7341,387
7342,6 9 61 104
7343,104
7344,6 63
7345,108
7346,3 6 55 56 58 63 66
7347,3 6 55 56 58 63 66 357
7348,
7349,112
7350,129 137
7351,256
7352,130 133
7353,322 324
7354,6 62 63 104
7355,151 159 162 169 172
7356,166 177
7357,123 124
7358,124 127 128 256
7359,112
7360,123 125 127 128 129 133 258 259
7361,123
7362,7 56 66 69 73 152 157 158 159 160 162 163 165
7363,103 112 118 256
7364,321
7365,4 53 62 314 317
7366,2 5 61 315 317 321
7367,55 62 63 104 315 317 321
7368,12 62 315 321
7369,151 153 156 161 162 165 315 317
7370,6 49 55 61 63 104 317 321 345
7371,6 49 66
7372,108
7373,
7374,104 131 151 322 345
7375,
7376,
7377,
7378,3 360
7379,58 124 315 345
7380,286
7381,
7382,
7383,5 44 53 61 63 70
7384,4 6 46 52 62 104
7385,
7386,
7387,45 63 104
7388,48 50 61 65 66 71 74 330
7389,7 11 104 263
7390,
7391,45 61 104 131 264 316 317 321 330 345
7392,104 138 316 317
7393,108
7394,
7395,54 57 64 72 81
7396,5 10 61 66 124 125 127 128 131 133 316 322 345
7397,123 126 264
7398,121 125 126 128 134 136 138 264
7399,
7400,7 55 68 69 157
7401,
7402,
7403,3 6 46 52 73 157
7404,3 62 125 132
7405,169 181 187 188 191 192 198 199
7406,2 48 56 66 74 269 330 345
7407,2 48 56 66 74 269 330 345
7408,2 48 56 74 330 345
7409,49 62 132
7410,108
7411,126
7412,134 256
7413,49 53 313
7414,
7415,
7416,
7417,126 127 128 132 138
7418,126
7419,
7420,126
7421,
7422,4 9 14 15 17 19 21 22
7423,4 9 12 14 15 17 19 21 22
7424,12 14 15 17 19 21 22 52
7425,9 12 14 15 17 19 21 22
7426,9 12 14 15 17 19 21 22
7427,4 9 14 15 17 19 21 22
7428,9 12 14 15 17 19 21 22
7429,
7430,151
7431,
7432,
7433,
7434,18 23 24
7435,96
7436,46 70 157 161 171 175
7437,
7438,10
7439,108
7440,5 58 61 63 124 133 316 345
7441,55 56 63 65 66 125 127 128 131 133 330
7442,5 58 63 66
7443,125 128 129 325 345
7444,48 56 58 345
7445,
7446,256
7447,168 323 339 357 358
7448,
7449,169 172 187 192 194 197 199 200 202 203
7450,165 168 170 173 175
7451,
7452,126 132 133
7453,
7454,
7455,
7456,153 176
7457,
7458,137 313
7459,199
7460,123
7461,123 129
7462,5 61 123 124 128 131 133 264 316 330
7463,128 133 330 345
7464,
7465,10 16 358
7466,
7467,153 164 168 171 175 176 179
7468,73
7469,151 158
7470,129
7471,
7472,134
7473,263
7474,
7475,264
7476,256 386
7477,386
7478,386
7479,182 189 195
7480,
7481,61
7482,49 61
7483,61 131 320
7484,1 61 131 320
7485,125 132
7486,
7487,187 192 194 196 199 202
7488,169
7489,
7490,108
7491,7 46
7492,
7493,53 55 151 157 159 161 162 164 165 169 175
7494,
7495,151 158 162 163 169 172
7496,
7497,137
7498,133 134 259
7499,
7500,
7501,263 317 321 339
7502,6 11 55 121 134 263 264 317 339
7503,138 263 322 339
7504,
7505,46 49 52 158 163
7506,
7507,
7508,11 52 68
7509,62 124 125 130 133
7510,49 204 313
7511,52
7512,
7513,156 178 180
7514,58 62 66 124 131 132 322
7515,55 56 58 63 65 66 316 322
7516,58 65 71 74
7517,256
7518,
7519,
7520,68
7521,7 49 61 315 345
7522,112
7523,137 138 173
7524,3 5
7525,
7526,
7527,138
7528,
7529,61 131 313 314 321
7530,
7531,52 123 125 127 132 134 151 258 259
7532,3
7533,70
7534,3 8
7535,44 53
7536,
7537,330
7538,3 52 56
7539,67
7540,
7541,121 132 134 137 138 264 315 316 317 321
7542,153 161 171 175
7543,53
7544,112 118
7545,
7546,61 124 316 330 345
7547,67 129 315 322 330 345
7548,260
7549,
7550,225 228 286
7551,128 133
7552,112
7553,
7554,52 53 67 68 70
7555,153 156 157 159 160 161 162 163 164 165 166 169 171 172 173 175 179 180 181 188
7556,58 313 345
7557,
7558,
7559,70 124 316
7560,
7561,151 153 158 160 162 163 166 169 172 175
7562,
7563,
7564,158 164
7565,126 138
7566,
7567,73 158
7568,67 68 69
7569,125 126 137 138 258
7570,
7571,125 126 127 132 258
7572,
7573,
7574,5 7 67
7575,5 68 70 108
7576,322 326
7577,
7578,192 194 196 199 200
7579,6 52 55 152 162
7580,286
7581,153 156 169 171 175 179 180
7582,
7583,127 134
7584,7
7585,70 157 159 162
7586,7 53 55 68 70
7587,125 129
7588,
7589,3 5 49 61 63 66 357
7590,6 48 55 56 61 65 66 128 314 345
7591,1 10 17 19 21 71 74 330 358
7592,6 58 62 63 65
7593,1 12 16 17 19 62 124 322 357
7594,1 5 12 49 56 62 63 66 71 74 124 131 322 330
7595,4 61 138 314 323
7596,152 153 156 159 160 161 164 165 168 169 171 172 175 179 181
7597,46 61 70 131 314 324
7598,44 132
7599,14 19
7600,6 61 70 128 131 132 133 314 345
7601,
7602,5 11
7603,
7604,
7605,108 313 321
7606,
7607,
7608,
7609,
7610,
7611,
7612,
7613,161 176 183 195
7614,
7615,
7616,
7617,
7618,54
7619,264
7620,63
7621,
7622,
7623,182
7624,125 127 130
7625,
7626,153 169 172 175 180
7627,61 127 133 324
7628,126 137 138
7629,
7630,11 61 124
7631,61 128 133 345
7632,
7633,104
7634,
7635,
7636,7
7637,
7638,7 13 69
7639,
7640,
7641,
7642,4 6 44 61 70 123
7643,256
7644,133
7645,123 124 127 258
7646,172
7647,108
7648,127
7649,126
7650,
7651,
7652,
7653,
7654,
7655,386
7656,
7657,
7658,
7659,
7660,
7661,
7662,
7663,
7664,
7665,101
7666,101 386
7667,
7668,263
7669,
7670,
7671,
7672,
7673,101 386
7674,133 138
7675,256
7676,
7677,65
7678,62 127 128 129 133
7679,61 127 128 129 133
7680,137
7681,10 16 356 358
7682,124 133 137
7683,4 44 46 123 127 132
7684,
7685,16 49 357 360
7686,
7687,132 314
7688,132 314
7689,
7690,108
7691,49 169 172 188 205
7692,
7693,
7694,
7695,
7696,138
7697,
7698,
7699,
7700,
7701,5 63
7702,48 66 330
7703,112
7704,
7705,260 263
7706,
7707,
7708,
7709,166 175
7710,127 133 322
7711,124 125 127 133 138
7712,125 127 132 133
7713,27 356 359 360
7714,286 287
7715,46 69 151 152 157 159 161 162 163 164 165 166 169 171 177 317 321
7716,127
7717,
7718,58 62 70 315
7719,48 50 65 71 74
7720,
7721,18 24 74
7722,48 74
7723,4 48 62 65 66 71 74
7724,6 61 65 74
7725,4 74
7726,316 322
7727,
7728,
7729,125 137
7730,
7731,138
7732,
7733,
7734,131 322 324
7735,5 49 61
7736,44 63
7737,
7738,143
7739,
7740,126 143 263
7741,
7742,128 330
7743,69 151 158 159 162 174
7744,5 44
7745,169 181 187 318
7746,3 6 53 55 58 61
7747,1 2 10 16 17 358
7748,127 134
7749,
7750,108
7751,3 53 62 70
7752,53 61 70
7753,
7754,66
7755,
7756,3 56 63 66 131 133
7757,55 69 73 151 152 158 159 160 162 163 174
7758,123 126 132 256
7759,130 133
7760,65 153 156 164 165 166 168 169 171 172 175 179 180
7761,
7762,4 6 46 49 315 316
7763,56 66 70
7764,3
7765,3 70
7766,66
7767,66 130
7768,53
7769,
7770,
7771,
7772,52
7773,123 128 130
7774,161
7775,125 128 133
7776,129 133
7777,
7778,
7779,101
7780,386
7781,
7782,386
7783,101
7784,
7785,
7786,
7787,45 77 96 98 99 318 325 331 335 344 352
7788,
7789,264
7790,258 263
7791,166 175 176 182 193
7792,103 112 118 256
7793,11 67
7794,
7795,112
7796,
7797,153 165 168 176 180
7798,
7799,
7800,
7801,
7802,104
7803,45
7804,3 6 151 157 159 160 162 169
7805,
7806,126
7807,
7808,62 69
7809,6 62 124 134 314 317 321 323
7810,77 96 98 99 318 331 348
7811,69 152 157 159 160 161 162 163 164 165 166 317
7812,173 176
7813,
7814,7 138 345
7815,
7816,62
7817,152 153 156 157 158 159 160 161 162 164 165 166 168 169 171 172 174 175 177 179
7818,132
7819,65 66 127
7820,46 160 172
7821,
7822,128 132
7823,
7824,345
7825,
7826,288 290 291 293 296 298 299 303 307
7827,153 156 161 165 166 171 175
7828,
7829,124 127 131
7830,153 156 164 166 169 171 172 175 179 180
7831,318
7832,125
7833,315
7834,187 190
7835,
7836,133 134 136 137 138
7837,130
7838,130 147 359 360
7839,130 147
7840,130 320
7841,
7842,130 147
7843,130 315 356 359 360
7844,130 147 320 359 360
7845,
7846,138
7847,
7848,129 133
7849,
7850,56 58 70 157 161 162 164
7851,46 49 53 151 158
7852,
7853,49 158 160 166
7854,125 127 128 129 133 134 136 137 259 264
7855,127 128 138
7856,125 126 127 128 129 130 133 134 136
7857,288 291 293 298 299 307
7858,
7859,138
7860,73 138 316 322 324
7861,
7862,134
7863,
7864,56 65 66
7865,178 182
7866,357
7867,69 73 151 157 158 159 160 162 163 169 172 174
7868,
7869,62 126
7870,
7871,
7872,133 178
7873,49 65
7874,108 112
7875,123 133
7876,3 5 44 70
7877,5 53 61 68 70
7878,46 52 62
7879,45 63
7880,
7881,
7882,3 7 52 68 69
7883,
7884,68 126 138 264
7885,169
7886,112
7887,91
7888,1 6 17 21
7889,
7890,112 256
7891,123 124 125 127
7892,5 16 17 25 358 359
7893,
7894,
7895,11 53 55 62
7896,44 53
7897,11 158 159
7898,11 53 62
7899,11 62 317
7900,7 53 55 61 317 321
7901,10 55 62 63 121 132 263 316 317
7902,7
7903,53 62
7904,6 7 53 55 62
7905,11 50 53 55 62 67 75 317
7906,16 28 320 359
7907,2 17 359 360
7908,16 28 320 359 360
7909,139 359 360
7910,
7911,130 147 356 359 360
7912,139
7913,131 132
7914,17 25 28 359
7915,287
7916,359
7917,
7918,44 49 76
7919,
7920,
7921,108
7922,256
7923,46 53
7924,7 55 67 73 258 263
7925,11 44 70 158
7926,27 356 359 360
7927,122 325 335
7928,2 17 19 21 22 27 356 358 359 360
7929,122 130 133
7930,2 10 55 56 66 122 126 127 129 130 131 133 323 330
7931,122 130 169 181 187 356 358
7932,277 281 286 287
7933,215
7934,62 138
7935,137
7936,
7937,
7938,
7939,4 14 22
7940,5
7941,49 315
7942,
7943,339
7944,4 5 44 46 62 70 316
7945,49
7946,358
7947,7 131 314 317 321
7948,
7949,11
7950,11
7951,
7952,
7953,
7954,
7955,
7956,132
7957,128
7958,44 46 62 65 66 74
7959,4 46 49 53 62 66
7960,44 48 50 65 71 74 314
7961,44 48 56 62 65 71 74
7962,108
7963,151
7964,
7965,44 52 63
7966,6 49 67 73
7967,256
7968,133
7969,69 73 151 157 159 160 162
7970,
7971,7 68 134 137 138 258 264 316
7972,170
7973,2 9 10 16 61 104 121 263 317 321
7974,317
7975,
7976,7 61 67 128 129 138
7977,126 138 258 263
7978,
7979,
7980,124 129
7981,52 68
7982,
7983,
7984,73 159 177
7985,
7986,6 7 11 55 62
7987,11 50 53 66 71 74
7988,98 99 344 348
7989,112 256
7990,
7991,152
7992,6 7 11 52 55 66 121 134 263 264 321
7993,151
7994,
7995,
7996,56 153 156 161 164 165 166 169 171 175 179
7997,55 57 65 66 72
7998,55 56 57 58 63 66 72 73
7999,
8000,123
8001,5 6 46 49 55 69 151 158 160
8002,
8003,
8004,
8005,
8006,138 163 164 166 173
8007,130
8008,
8009,
8010,138 316 322
8011,
8012,
8013,68
8014,
8015,9 11 44
8016,157
8017,256
8018,123 125 127 128 133
8019,133
8020,112
8021,
8022,58 66 127 132
8023,
8024,
8025,58 63 65 66 124 131 313 314 330
8026,
8027,
8028,
8029,
8030,3 56 66 330
8031,
8032,
8033,125 128 345
8034,62 124 133 259
8035,
8036,11 67 68
8037,
8038,58 62 65 321
8039,
8040,112
8041,
8042,3 63
8043,169 172 181 187 188 190 194 196 198 199 200 201 202 203
8044,152 158 162
8045,132 138
8046,164 165
8047,
8048,123 133
8049,132 256
8050,128 133 138 316
8051,5 44 49 53 151 158
8052,
8053,74
8054,
8055,127 128 129 133 134 136
8056,
8057,153 156 164 165 166 169 171 172 175
8058,
8059,112 118
8060,
8061,126 313
8062,
8063,127 128 129 133
8064,
8065,11 61
8066,45
8067,7 45 63
8068,322
8069,172
8070,133 325
8071,61 128 133
8072,3 44 70
8073,
8074,166 169 172 205
8075,124 125
8076,345
8077,96 98 99 344 348 352
8078,70 124 314
8079,61 314 345
8080,315 316 330 345
8081,70
8082,132 345
8083,4 70 314 345
8084,44 46 52
8085,10 124
8086,187
8087,
8088,
8089,
8090,9 151 315
8091,49 132 313
8092,10
8093,151 153 156 160 161 162 163 172
8094,10
8095,
8096,27 356 359 360
8097,
8098,
8099,
8100,134
8101,
8102,
8103,
8104,53 67 75 157 159
8105,108 112 118
8106,321
8107,313
8108,53 61
8109,7
8110,7 61 68 264 321
8111,264 321
8112,
8113,1
8114,
8115,2 63 66 71 132 316 322 324 330 345
8116,131 153 156 161 162 169
8117,48 74 330
8118,
8119,4 44 46 61 256 313 314
8120,49
8121,54 72
8122,128 133
8123,61 123 127
8124,256
8125,68 123 125 127 129 134 137 258 264 315 316
8126,6
8127,10
8128,137
8129,124 131 137 138 322 357
8130,134 316 339
8131,123 128
8132,138
8133,
8134,11 44 49 61 67
8135,
8136,18 20 23 24 44
8137,
8138,131 314 317 321
8139,321
8140,122 133 138
8141,
8142,158
8143,122
8144,
8145,
8146,3 44 58 70 74
8147,153 157 161 171
8148,
8149,58 70
8150,66 74
8151,
8152,96 138 344
8153,313
8154,
8155,
8156,
8157,127 386
8158,
8159,
8160,256
8161,124
8162,
8163,123 126 127 129 264
8164,49 65 66 165 166 169 171 172
8165,28 359 360
8166,17 359
8167,
8168,4 46
8169,320
8170,158 160 163
8171,101
8172,101
8173,3
8174,2 3 269
8175,269
8176,269
8177,
8178,58 70 123
8179,131 314 323
8180,323
8181,2 269 314
8182,269
8183,
8184,52
8185,339
8186,7 23 44
8187,112
8188,159
8189,
8190,123
8191,
8192,52 70
8193,68 137
8194,276 277 278 279 281 282 284 286 287 295 300
8195,387
8196,387
8197,
8198,134 317
8199,
8200,278 281 286 287 289
8201,175 177
8202,11 52 55 67 68
8203,
8204,151 157 158 159 160 162 163 166 169 172
8205,
8206,54 56 66
8207,6 46 52 53
8208,3 6 46 49
8209,256
8210,44 49 53
8211,44
8212,3 6 44 53 63 70
8213,6 44 63
8214,
8215,
8216,96
8217,194
8218,3 315 321
8219,4 321
8220,
8221,135
8222,153 171 175 321
8223,6 104 264 315 321
8224,6 49 63 104 134 263 315 317 321
8225,9 12 14 17 19 21
8226,135
8227,5 10 158
8228,10 16
8229,
8230,66 94 325 335
8231,10 16
8232,22
8233,3
8234,18 23 24
8235,
8236,3 6 11 53 61 68 108
8237,11 49 124 137 315
8238,44 58 65
8239,
8240,44 58 339
8241,94 325 330 335
8242,4 10 16 62 358
8243,3 46 70
8244,
8245,108
8246,
8247,132
8248,
8249,56 65 69 157 158 159 160 162 163 165 166 174
8250,61 123 128 132
8251,61 123 256
8252,
8253,
8254,158
8255,
8256,56 176 335
8257,56 66 128 314 345
8258,
8259,153 156 161 165 169 171 176 179 181 183
8260,48 55 65 66
8261,
8262,94
8263,6 61
8264,316 322 324
8265,
8266,153 159 163 164 165 166 169 171 172 175 205
8267,7 11 44 53 68 157
8268,
8269,
8270,68 137 330
8271,
8272,315 330
8273,
8274,61
8275,57 65
8276,55 56 57 66 72
8277,56 57 58 72
8278,57
8279,54 56 57 64 66 72 81
8280,57
8281,57 72
8282,54 57 64 72 81
8283,
8284,62 122 127 129 130 131 322
8285,181 187 188 189 190 192 194 196 199 201 202
8286,258 260
8287,258
8288,
8289,
8290,69
8291,165 177
8292,123 133
8293,345
8294,112 118
8295,125 127 128 129 133
8296,260
8297,44 48 55 56 58 63 65 66 321 345
8298,
8299,96
8300,96 344
8301,
8302,
8303,
8304,
8305,125
8306,65 66 157
8307,123
8308,
8309,7 11
8310,11 68 126 137 138 264 321 323 339
8311,
8312,
8313,124 264 314
8314,339
8315,
8316,
8317,112
8318,133 185 195
8319,11 46 52 124 137
8320,
8321,7 49
8322,
8323,11 53 137 316
8324,5 7 61 131 138 322
8325,153 165
8326,
8327,
8328,143 263
8329,
8330,260
8331,256
8332,62 125 128 132
8333,
8334,56 65 73
8335,
8336,128 256
8337,70 132 134
8338,17 28 320 359
8339,16 131 320 322 357
8340,1 16 17 28 124 131 133 320 357
8341,
8342,387
8343,
8344,
8345,126
8346,
8347,48 50 55 56 62 65 66 71 74
8348,11 48 50 55 56 62 65 66 71 74 330
8349,6 48 50 55 56 58 62 65 66 71 74
8350,48 50 55 56 62 66 71 74
8351,176 183 189 193 195
8352,4 5 52 63 204
8353,192 194 196 199 202
8354,112
8355,325
8356,73
8357,55 63 263 321
8358,
8359,15 131
8360,3 15 19 61 66 124 131
8361,4 12 15 19 49 357
8362,3 70
8363,
8364,126 264 321 323
8365,
8366,335
8367,65 66 74
8368,11 70
8369,
8370,
8371,2 17 359
8372,65
8373,359 360
8374,2 4 16 17 28 320 359 360
8375,4 17 28 320 359 360
8376,62 126 136 138
8377,256
8378,68 151 153 156 157 159 161 165 166 168 175 315
8379,
8380,4 46 49 53 61 313
8381,104
8382,256
8383,53
8384,153 161 164 166 169 171 172 173 175 180 205
8385,
8386,52 73 158
8387,128 256
8388,324
8389,
8390,
8391,
8392,
8393,335
8394,138
8395,124
8396,
8397,53 163
8398,
8399,264 313
8400,4 44 53 79
8401,46 52 169
8402,44
8403,256
8404,153 165 176 178
8405,
8406,153
8407,48 56 66 74
8408,132
8409,123
8410,125 176 178 182 185 189 195
8411,
8412,44 162 169 172 194 199
8413,7 55 56 66 67 68 70
8414,11 55 58 65 66 68 151 157
8415,66
8416,61 123
8417,44 56 65 66
8418,151 162 168 169 172 188
8419,
8420,256
8421,
8422,
8423,
8424,
8425,
8426,
8427,
8428,
8429,56 57 65 153 162 164 165 166 169 171 172 175 205
8430,96 98 331
8431,
8432,124
8433,52 152 160
8434,
8435,
8436,46 49 67
8437,157 159
8438,130
8439,130
8440,130 147 319 320 323 359 360
8441,16 130 147 319 320 359 360
8442,1 16 66 126 129 130 147 320 323 330 359 360
8443,112 118
8444,62 129 131 330 345
8445,133 264 316 322 324 330 336
8446,
8447,
8448,127
8449,66
8450,153 157 164 165 169 171 175 180
8451,49 124
8452,215
8453,
8454,2
8455,17 21
8456,1 15 17 19 21 44
8457,2 17
8458,49 124
8459,17 21
8460,17
8461,291 293 296 299 307
8462,123 127 128 129 133 258 259
8463,2 16 17 25 27 356 359 360
8464,289
8465,61
8466,45
8467,151 158 160 162 165 172
8468,45 63 78
8469,3 49
8470,112 118
8471,7 11 61 67 68 70
8472,67 152 157 159 160 163 164 165
8473,6 7 11 68
8474,6 11 67 68 69
8475,
8476,69 73 152 157 158 159 162
8477,66 73 151 157 169
8478,112 118 256
8479,52
8480,3 6 46 52
8481,7 11 55 62 104 121 257 258 263 264 317 321
8482,153 156 165 166 339
8483,
8484,25
8485,
8486,49 52 263
8487,
8488,
8489,3 6 63 78 264
8490,
8491,11 73
8492,
8493,387
8494,
8495,387
8496,387
8497,108
8498,
8499,104
8500,1
8501,104
8502,
8503,7 11 52 61 68 70 134 317 321
8504,5 44 46 49
8505,11 62 134 317 321 323
8506,112 118
8507,44 49
8508,324 345
8509,
8510,164 169 188
8511,67
8512,
8513,125
8514,123 126 138 258 264 323
8515,123 124
8516,68 128 315 316
8517,131 314
8518,
8519,63 131 134 263 264 317 321 323 339
8520,
8521,48 56 62 65 66 74 129 319 330 345
8522,24 49
8523,
8524,
8525,4 23 24
8526,6 49
8527,
8528,158 159 163 165 166 171 174 177
8529,178
8530,128
8531,132
8532,122 133
8533,132
8534,122
8535,125
8536,61 122
8537,125 127
8538,
8539,151
8540,108
8541,123 129
8542,125 127 133
8543,10 127 128
8544,
8545,18 23
8546,11 138
8547,20 23 24
8548,
8549,126 138 323
8550,
8551,
8552,112 118
8553,3 45 61 138 322 324 339
8554,108
8555,
8556,2 3 17
8557,330
8558,2 314
8559,49 315 330
8560,
8561,1 4 49 61 315
8562,
8563,2 61 131 314 320
8564,10 16 157 158 159 165 166 168 174 177 178 182 323 358
8565,3 68 125 132
8566,62
8567,263 314 323
8568,112
8569,61
8570,169 172 192 194 200
8571,
8572,44 58 70
8573,4 70
8574,330
8575,59
8576,52 152 158 165
8577,112 260
8578,126 127
8579,5 52 68 70 73
8580,
8581,133 137
8582,53
8583,
8584,170
8585,108
8586,4 46 49 152
8587,
8588,
8589,
8590,
8591,265
8592,18 23 60
8593,
8594,
8595,
8596,
8597,126 133
8598,123 126 127 128 132 136 259
8599,260
8600,25
8601,
8602,
8603,125
8604,
8605,
8606,256
8607,16 66 127 128 129 131 133 314 322 324 330 345
8608,6 44 58 62 63 66 123 124 131 314
8609,
8610,53 67
8611,
8612,49 315
8613,138 158 322
8614,7 314
8615,49 137 321
8616,68
8617,123 126
8618,
8619,4 5
8620,313
8621,76
8622,5
8623,
8624,3 6 52 61 321 357
8625,49 61
8626,358
8627,169 186
8628,
8629,264
8630,153 161 164 165 166 168 170 171 175 176 178 179 180 185 189 195
8631,151
8632,
8633,134
8634,313
8635,
8636,
8637,134
8638,323
8639,
8640,
8641,128
8642,156 161
8643,
8644,
8645,133
8646,5 7 55 61 131 134 258 264 314 317 321
8647,123 137
8648,4
8649,125 132 133
8650,112 260
8651,124 125
8652,
8653,65
8654,
8655,4 5 70 124
8656,58 138 322
8657,
8658,5 44 46 63 70
8659,5 61 67 70 123
8660,
8661,
8662,63 78 131 322 324 345
8663,6 58 63 66 132 316 322 324 336 345
8664,5 6 51 63 124 131 322 330 345
8665,66 131 322 345
8666,153 156 160 161 165 166 168 169 171 172 175 176 178 179 180 181 188
8667,322
8668,6 61 131 322 324 345
8669,
8670,6 58 62 63 65 104 345
8671,
8672,4 6 52 66
8673,52 66
8674,9 48 55 56 65 66 74
8675,49
8676,4 6 46 49 52 53
8677,
8678,11 68
8679,61 124
8680,4 9 14
8681,6 12 21 22
8682,
8683,77 94 318 325 335
8684,
8685,134
8686,
8687,3 56 65 66 131
8688,72 81
8689,63 131 316 324 330 339 345
8690,4 49 62 63 131 132
8691,11 56 66 67
8692,
8693,7 321
8694,
8695,
8696,7 11 61 121 134 258 263 264 317 338 339
8697,339
8698,126
8699,
8700,387
8701,104
8702,387
8703,387
8704,3 17 22
8705,
8706,
8707,153 156 161 164 165 166 168 171 175 179 180
8708,103 112 118 256
8709,152 160 166 169 172
8710,3 5 70
8711,112
8712,
8713,130
8714,132 264 321
8715,61 66 129
8716,
8717,152 313
8718,44
8719,
8720,56 66
8721,
8722,124
8723,169 172 192
8724,
8725,129 137 138
8726,123 258
8727,
8728,
8729,
8730,
8731,
8732,
8733,
8734,
8735,3
8736,112 118
8737,6 52
8738,
8739,123 126 128 132 134 137
8740,44 46
8741,132 134
8742,165 176 178
8743,
8744,
8745,
8746,45 322 339
8747,
8748,44
8749,
8750,
8751,
8752,129
8753,
8754,345
8755,11 48 56 58 61 62 63 65 66 74 104 330
8756,
8757,169 172 188 199 200 205
8758,4 49 52 53 61
8759,121
8760,
8761,323
8762,62 127 128 129 130 133 140
8763,44 65 322
8764,67 317
8765,96 344
8766,
8767,7
8768,139
8769,
8770,
8771,
8772,125 132
8773,314
8774,
8775,49
8776,49 62
8777,4 52
8778,5 53 124 314 345
8779,
8780,61 131
8781,
8782,169 171 176 187
8783,4 49 62
8784,4
8785,3
8786,132 314
8787,46 49 52 73 151
8788,128
8789,
8790,123 128
8791,153 156 171 175
8792,56 57 65 66
8793,
8794,125 128
8795,
8796,
8797,
8798,128 133 136
8799,
8800,46
8801,49 256 313 339
8802,70
8803,
8804,313 321
8805,61 137 321
8806,
8807,44 46
8808,103 112
8809,
8810,
8811,260
8812,48 56 153 156 161 165 166 168 169 170 171 173 175 179 180
8813,44 48 57 64 65 72 74
8814,256
8815,
8816,
8817,62 357
8818,62 69 73 151 152 157 158 160 162
8819,46 53 62
8820,3 5 46 53 62 70
8821,
8822,46
8823,
8824,7 11
8825,69 73 152 157 158 159 162 177
8826,73
8827,7 11
8828,
8829,70
8830,4 49 66 313
8831,4 6 49 55 63
8832,
8833,49
8834,
8835,4 70 314
8836,
8837,68 129 134 137 138
8838,
8839,
8840,
8841,
8842,
8843,
8844,
8845,
8846,101
8847,
8848,
8849,125 127
8850,4 6 44 53 62 63 70 124 313 314
8851,
8852,7 58 67 137 138 315 316 324
8853,44 62 137 138
8854,44 46 49 263 315
8855,68 70 256
8856,131 263 339
8857,44 45 339
8858,
8859,18 23 24
8860,11 68 157 158
8861,103 112 118
8862,104 134 263 264 314 317 321 323 357
8863,49
8864,49 321 339
8865,129 330
8866,1 27
8867,
8868,1 27
8869,6 55 65 66 69 73 151 152 157 158 160 162
8870,
8871,
8872,4
8873,4
8874,49 322 324
8875,6 49 53 131 322 324 357
8876,6 49 53 322 324
8877,112
8878,122 126 127 128 129 133 136 258
8879,70 316
8880,316
8881,
8882,
8883,330
8884,48 74
8885,
8886,6 55 62 63 69 73 151 152 158 162
8887,112 118
8888,9 14 22
8889,18 20 23 24
8890,9 14 21 22
8891,153 156 161 165 166 168 170 171 175 176 178 179 180 182
8892,9 19 20 21 22 23 24
8893,9 18 21
8894,112 118 260
8895,55 56 58 63 65 66
8896,54 64 72 81
8897,56 65 129 153 165 325 330 335
8898,65 153 160 165 169 172
8899,56 65 66 127 128 129 133 345
8900,123
8901,5 49 52 63
8902,6 68
8903,67
8904,6 7 11 52 68
8905,
8906,
8907,
8908,162
8909,6 69
8910,67 138
8911,123 124 130
8912,108 112 118
8913,49
8914,1
8915,2 17 21
8916,21
8917,69 151 157 158 159 162
8918,
8919,
8920,55 56 65 66 128 129 131 133 324 330 345
8921,126
8922,11 67 137 324
8923,21
8924,62
8925,3
8926,125 128
8927,128
8928,129
8929,143 263
8930,263
8931,46 328
8932,320 325
8933,320 325
8934,320
8935,320 325
8936,320
8937,3 6 7 44 52 55 58 63
8938,7 11 55 69 73
8939,
8940,158 163
8941,
8942,
8943,
8944,94
8945,
8946,45
8947,45 63 78
8948,
8949,
8950,46
8951,
8952,
8953,
8954,
8955,
8956,192 194 199 200
8957,73 263
8958,178 195
8959,121 123 133 263 322 323 324 339
8960,256
8961,127 138 157 158 159 164 165 166 174 176 178 339
8962,
8963,153 156 160 161 163 164 165 166 168 169 171 172 175 179 180 181 188 205
8964,62 70 124 131 137
8965,62 125 133 259
8966,
8967,112
8968,265
8969,143 263
8970,65 157 159 160 161 162 164 165 166 169 175 321
8971,
8972,263
8973,
8974,
8975,
8976,61
8977,131 314 321
8978,
8979,61 123 128 132 133
8980,7 131
8981,11
8982,
8983,157 159 177
8984,264
8985,2 10
8986,121 134 263 321
8987,
8988,
8989,
8990,58
8991,
8992,
8993,
8994,345
8995,
8996,1 2 315 345
8997,112 118
8998,69 151 157 158 159 160 162 163
8999,6 62 76 123 124 128 130 136 314 323
9000,49 53
9001,151
9002,7 151 166 170 173
9003,
9004,104
9005,9 11 21
9006,
9007,44 172 199 204
9008,
9009,3 61 357
9010,
9011,127 130 132
9012,122 127 130 133
9013,
9014,152 157 161
9015,157 159 169 172 175
9016,3 53 68
9017,126
9018,
9019,
9020,
9021,
9022,
9023,
9024,
9025,7 11 68
9026,11 68 126 131 138 323
9027,76 256
9028,
9029,264
9030,7 11 131 138 264 314 321 323
9031,67 68
9032,108 112
9033,123 125 128 129 132 133 134
9034,153 161 169 171 172 179 181 184 186 188 192 199 205
9035,151 158 162
9036,
9037,66 73 125 127 128 129 131 133
9038,70 137 256
9039,67
9040,153 156 161 165 166 168 170 171 175 180 182
9041,
9042,7 55 67 68 125 128 133 134 137 138
9043,313 321
9044,46 321
9045,11 317
9046,
9047,263
9048,46 187
9049,4 6 46 70 128 314
9050,6 49 128 130
9051,68
9052,138
9053,189 193 195
9054,44
9055,138
9056,73 157
9057,6 7 11 55 69 73
9058,25 27 356 359 360
9059,
9060,1 130 269 319 320 356 359 360
9061,211 214 215 218 225
9062,61 137
9063,159 162
9064,127 128 133
9065,123
9066,
9067,63
9068,
9069,69 73 151 152 153 157 158 159 160 161 162 163 164 165 166 169 170 171 172 174 175 177
9070,166 171 175
9071,
9072,7 67 152
9073,157 158
9074,112 260
9075,126 313
9076,52
9077,7 151
9078,6 11
9079,4 46 49 52
9080,
9081,
9082,187 188 189 190 194 196 197 198 199 200 201 202 203
9083,6 44 62
9084,
9085,2 10 121 134
9086,
9087,10 121 126 127 131 133 134 151 263 322 323 339
9088,169 181 183 187 189 190
9089,69 73 152 157 158 159 160 162
9090,121 128 134 323 339 340
9091,128 133 134
9092,123 126 130 323
9093,10 131 316
9094,317 321
9095,4 5 44 46 61 62 314 321
9096,2 44 46 314
9097,1
9098,44 62 70 314 317 321
9099,44 46 314
9100,44 315 321
9101,125 126 127 128 134 136 137 264
9102,153 156 159 160 161 164 165 166 168 169 170 171 172 175 179 180
9103,125 129
9104,124 133 137 138
9105,127 129 133 137
9106,112 118
9107,11 73
9108,52 53 70
9109,55 56 58 62 63 65 66 67 74 129 131 137 315 316 317 321 330 345
9110,129
9111,137 256
9112,
9113,137 138
9114,
9115,5
9116,
9117,62 70 125
9118,67 121 137 138 339
9119,151 161
9120,126 138 145 264
9121,145 264
9122,126 325
9123,
9124,
9125,
9126,324
9127,5 11 52 63 104
9128,
9129,123
9130,126 131 133 314 322
9131,55 131 324
9132,69 152 153 156 157 158 160 161 162 163 164 165 166 168 169 171 172 175
9133,65 74
9134,66 322
9135,
9136,44 315
9137,49 55 56 66 67 152 157 158 159 162 163 171
9138,48 65 66 74 128 345
9139,11 67 157 159
9140,
9141,151 158 315
9142,
9143,2
9144,
9145,128 129 330
9146,330
9147,314 330
9148,
9149,62 69 151 152 158 160 162 163
9150,58
9151,
9152,
9153,4 5 46 58 70
9154,55 65 66 69 151 157 158 159 160 162 163 165 166 169 172
9155,3 49 52
9156,65 74
9157,138
9158,76
9159,
9160,
9161,174 177 182 185
9162,44 55 58 70 151 160 162 172
9163,178 185 195
9164,
9165,62 130
9166,387
9167,387
9168,17 330
9169,124 330
9170,
9171,3 9 44
9172,52 61
9173,48 55 61 65 66 74 321
9174,61 317
9175,6 9 12 55 62 63 131 315 316 317 321
9176,9 61 314 321
9177,
9178,68 127
9179,52 73 158 159
9180,159
9181,125 129 138
9182,345
9183,
9184,55 61
9185,124 125 137
9186,161 162 164 171
9187,69
9188,
9189,
9190,
9191,
9192,62
9193,
9194,112
9195,132
9196,61 127 132 133 258
9197,5 133 315 316 322
9198,124 127 131
9199,
9200,129 136
9201,128 134
9202,
9203,
9204,
9205,108
9206,3
9207,17 21
9208,6 7 12 44 49
9209,52 68
9210,
9211,112 118
9212,4
9213,5 330
9214,112
9215,
9216,101 264
9217,
9218,
9219,169 187 192 194 196 197 198 199 202 203
9220,131
9221,108
9222,124 127 128 129 133 136
9223,153 159 160 169 172
9224,112
9225,44 49 131 138 322
9226,129 137
9227,
9228,61 138 314
9229,151 156 159 161 162 166 169 173
9230,5 61 63 66
9231,108
9232,7
9233,
9234,70 124 314 316 322
9235,112
9236,134
9237,263 322 339
9238,3
9239,70 314 323
9240,76 134 256 314
9241,258
9242,
9243,123 126 128 129 133
9244,123 128
9245,129 132
9246,
9247,
9248,66 129
9249,130
9250,123 127 128 129 133
9251,123 127 128 130
9252,2 56 66 123 128 129 130 131 133 330 345
9253,
9254,66 153 156 158 160 161 162 163 165 166 168 169 172 180 181 188
9255,129
9256,129 130
9257,66 129 130
9258,129 130
9259,
9260,4 53 61
9261,5 49
9262,44 46
9263,
9264,176 178
9265,61
9266,
9267,112
9268,7 44 67 138 315
9269,
9270,256 314
9271,
9272,11 52 68 70 264 314
9273,134
9274,112
9275,
9276,
9277,
9278,6 55 69 73 151 152 157 158 159 160 162
9279,324 345
9280,324 345
9281,324 330
9282,63
9283,
9284,125 126 313
9285,103 108
9286,11 126 165 168 318 323
9287,123 127
9288,
9289,313
9290,
9291,6 11 55 62 63 321 330
9292,11 61
9293,5 61
9294,134 317 321
9295,323
9296,289 297
9297,317
9298,66
9299,
9300,
9301,263
9302,
9303,47 96 98 99 344 348 352
9304,4 52 53 61 124 131
9305,1 65
9306,63 131
9307,52 53 124 131
9308,52 131
9309,6 10 63 124 131
9310,5 52 124 131
9311,66 124 131 330
9312,
9313,
9314,44 58 151 162 164 169 172
9315,112 260
9316,
9317,56 65 66
9318,
9319,
9320,
9321,
9322,
9323,
9324,70
9325,44 152 158 159 162
9326,7 44 53
9327,55 62 73 151 157 321
9328,
9329,52 152 158
9330,5 6 46 58 61 357
9331,
9332,
9333,
9334,
9335,101
9336,
9337,
9338,
9339,52 152
9340,49 166 174
9341,48 56 57 63 65 66 72 74
9342,48 56 57 65 66 72 74
9343,48 55 56 57 58 65 66 74
9344,48 56 65 66 74
9345,
9346,
9347,
9348,
9349,
9350,
9351,
9352,142
9353,
9354,256
9355,
9356,134 258
9357,152 158
9358,126 323
9359,122 130
9360,
9361,77
9362,
9363,44 151
9364,53
9365,9 21 22
9366,325 335
9367,105
9368,94
9369,94 325
9370,18 20 23 24
9371,63
9372,20 24 53
9373,18 20 23 24
9374,108
9375,62 63 71
9376,48 74
9377,3 6 46 55 62 70
9378,58 61
9379,
9380,68 121 125 127 128 133 134 137 140 264 316
9381,
9382,46 76
9383,
9384,
9385,
9386,
9387,314
9388,17
9389,
9390,
9391,
9392,62 70
9393,62
9394,
9395,62 123 125 126 130 133
9396,6 46 49 61
9397,11 55 61 69 73
9398,112
9399,124 128 133
9400,
9401,16 127
9402,127 176 178 183 185 187 189 190 193 195
9403,158 165
9404,
9405,176 195
9406,4 44 46 62 70 132
9407,
9408,
9409,153 157 160 161 164 165 166 169 171
9410,
9411,151 153 156 157 161 162 164 165 169 171 172 175 180
9412,
9413,46 52 62
9414,6 46 61 121 263 264 317 339
9415,321 339
9416,9 121 263 321 339
9417,129
9418,123 124 256
9419,
9420,131
9421,
9422,315 317
9423,70
9424,108
9425,153 161 165 175
9426,20 23 24
9427,108
9428,44 137 315
9429,181 183 187 188 189 190 191 192 194 196 198 199 201 202 203
9430,5 67 68
9431,4 9 21 358
9432,6 55 56 65 66
9433,55 56 57 63 65 66 72
9434,48 56 57 64 66 72
9435,77 96 318 331 348
9436,5 357
9437,108
9438,10 44 53 63
9439,4 6 49 53 61
9440,151 153 156 161 178 179 180 188
9441,
9442,
9443,
9444,45 121 263 339
9445,45 78 263 339
9446,
9447,263
9448,108
9449,125 132
9450,112
9451,4 6 49 53
9452,127
9453,77 96 98 318 335 344 352
9454,260
9455,129 132 315
9456,153 163 165 166 169 171 174 175
9457,
9458,4 49 53
9459,44 194 197 202
9460,169 172 181 184 187 188 190 192 194 196 197 198 199 200 201 202 203 205
9461,44
9462,4 49 53 61
9463,4 49 53
9464,125 129 314
9465,129 330
9466,153 158 160 161 162 165 169
9467,153 159 161 162 164 169 171 175 177
9468,112 118
9469,
9470,73
9471,105
9472,23
9473,48 56 66
9474,
9475,5 18 48 56
9476,
9477,56 152
9478,359 360
9479,3 16 62 70 357 359 360
9480,
9481,2 122 124 314 345 358
9482,122 356 358
9483,169 181 187 203
9484,2 3 132 316 345 386
9485,
9486,2 123 128 132 269 316 345 356 386
9487,5 10 22 58 122 123 124 356 358
9488,
9489,2 63 123 128 132 316 345 386
9490,
9491,125 126 137
9492,53
9493,56 66 125 126 127 128 129 131 132 133 258
9494,123 129 315 316 324 336 345
9495,
9496,
9497,
9498,
9499,104
9500,104
9501,104
9502,
9503,4 44 68
9504,11 68 69 157 159
9505,7 61 68
9506,127 129 130 131 132 133 137 324 330 345 357
9507,153 156 165 175
9508,
9509,61 125
9510,124 125 133 137 259
9511,
9512,53 204
9513,
9514,10 121 127 258
9515,7 121 131 138 154 258 263 264 321 339 340
9516,
9517,
9518,46 132 313 324
9519,108
9520,123
9521,5 46 52 70 108
9522,3 49 313
9523,151
9524,325
9525,
9526,138
9527,171
9528,
9529,49 124 131
9530,
9531,
9532,316
9533,108
9534,
9535,153 169 171 179 180
9536,138 258
9537,169
9538,
9539,20 23 24
9540,4 5 46 58 62 70 124
9541,5 44 56 62 132 315
9542,
9543,
9544,74
9545,153 156 161 166 171 175 180
9546,131
9547,49 63 104
9548,
9549,
9550,
9551,134
9552,3
9553,77 325 331 335
9554,6 44 49 132 316 322 324 357
9555,132 169 172 181 186 187 188 191 198
9556,62 322 324
9557,10 15 17 19 21 22 322 324
9558,44 46 49 131 132 357
9559,22 48 56 62 357 358
9560,131 315 322 330
9561,68 157 158 160 162
9562,176 189
9563,283 288 290 291 293 296 298 299 307
9564,7 314
9565,289
9566,
9567,131 314 323
9568,
9569,
9570,
9571,
9572,3 256 314
9573,263 339
9574,
9575,
9576,
9577,
9578,
9579,
9580,
9581,5 66 68 132
9582,126 323
9583,65 66
9584,315
9585,
9586,112
9587,52 53
9588,
9589,4 6 44 46 58 61 62 126 127 132 133 313 316
9590,
9591,16 68 121 128 330
9592,10
9593,5
9594,5 7 11 68 138 314 339
9595,61
9596,5 11 61 67 68 321
9597,44 169 172 181 184 187 188 192 194 196 197 198 199 200 201 202 203 205
9598,112
9599,133 138
9600,
9601,
9602,5 6 55 58 61 62 63 66 317 321
9603,63
9604,6 63
9605,5 46 61
9606,6 63
9607,
9608,
9609,62 123 125
9610,330
9611,62 132
9612,125 128
9613,
9614,16 357
9615,138 263
9616,
9617,130
9618,66 131 330
9619,1 130 133 320
9620,
9621,
9622,46 62 130 132
9623,
9624,
9625,53 61 63
9626,61 137 345
9627,63 317 321
9628,45 78 339
9629,46 70
9630,45
9631,263
9632,44 63 70
9633,263 339
9634,
9635,56 65 66
9636,325 335
9637,
9638,
9639,53 169
9640,7 69 73 151 157 158 159 162 163
9641,206
9642,
9643,3
9644,169
9645,
9646,126
9647,
9648,
9649,286
9650,
9651,
9652,
9653,
9654,
9655,27 356 359 360
9656,27 356 359 360
9657,112 118
9658,
9659,
9660,
9661,
9662,
9663,52 62 70
9664,7
9665,131
9666,7 11 62
9667,7 11 62 138 317 321
9668,
9669,7
9670,
9671,132 256 335
9672,66 73 156 161 162 165
9673,44 74
9674,7 67 73
9675,
9676,
9677,
9678,61 65 66 131 330 345
9679,122 125 127 128 130
9680,16 356 359
9681,11 44 158
9682,387
9683,330 345
9684,315 330
9685,131 314 330
9686,387
9687,131 330 345
9688,
9689,14 15 17 19 21 22
9690,104
9691,
9692,
9693,49 67 68 69
9694,331 335
9695,61 129 131 315 324
9696,72
9697,112
9698,123 129 137 138
9699,
9700,7 68 138 322
9701,
9702,
9703,129 324 330
9704,124 325
9705,61
9706,
9707,157 163 169 172
9708,161 165 166 168 174 176 178 195
9709,10 16 121 323 338 339 358
9710,10 16 358
9711,
9712,4 358
9713,3 6 63
9714,315
9715,131 314 330
9716,
9717,330
9718,4 6 49
9719,152
9720,4 62 124
9721,49 53
9722,5 46 53 58 70
9723,3 6 52 56 66
9724,14 22 314 345 358
9725,
9726,58 151 157 162 164
9727,151 169 176 181 188 190 196
9728,1 17 19 21
9729,63 104 387
9730,104
9731,63 104 387
9732,63 104 387
9733,104
9734,104 387
9735,104 387
9736,104 387
9737,387
9738,63 104
9739,387
9740,
9741,96 98 344
9742,
9743,321
9744,
9745,17 321
9746,5 55 58 61 62 69 73 123 126 131 134 258 263 317 321 323
9747,
9748,
9749,14 15 17 19 21 22
9750,
9751,206
9752,48 56 64 65 66 72 74 129 330 345
9753,54 57 64 72
9754,158 163
9755,314
9756,123 128
9757,
9758,128
9759,
9760,
9761,126
9762,44 70
9763,49 61 67 315
9764,
9765,387
9766,
9767,387
9768,
9769,
9770,131 132 138 314 324 345
9771,138 345
9772,
9773,
9774,
9775,12
9776,
9777,
9778,7 44
9779,46 52 76
9780,6 7 52
9781,52
9782,
9783,46
9784,53 70
9785,
9786,58 66
9787,65 66 131 330
9788,7 11
9789,46 151 159
9790,256
9791,5 11 44
9792,137 315 330
9793,77
9794,
9795,
9796,44 166 169 171 172
9797,
9798,60 77 88 318
9799,11 61 345
9800,125 132
9801,6 316
9802,63 70 131
9803,3 94 316
9804,
9805,55 69 73 151 157 158 159 160 162 163
9806,313
9807,
9808,
9809,
9810,68 121 339 340
9811,112
9812,133 137
9813,7 55 62 67 68 129 137 138 315
9814,
9815,
9816,
9817,
9818,
9819,
9820,
9821,
9822,
9823,
9824,112
9825,153 158 165 166 171 175 179 180
9826,
9827,321 323
9828,159 164 166 174 177
9829,
9830,70
9831,
9832,
9833,45 78
9834,49 63 131
9835,
9836,114
9837,
9838,
9839,
9840,
9841,
9842,
9843,
9844,
9845,
9846,
9847,101 264
9848,127 130 264
9849,
9850,
9851,3 6 7 63 386
9852,
9853,166
9854,5 49 52 53 73
9855,
9856,
9857,
9858,11 67 137 138
9859,
9860,11 49 67 124 137 315
9861,124
9862,
9863,
9864,18 325 335
9865,62
9866,
9867,44 48 56 61 63 65 66 68 74 104
9868,3 44 55 56 58 61 63 70
9869,6 49 55 62 124
9870,
9871,18 48 58 61 65 104 124
9872,62 65
9873,6 44 55 61 63 66
9874,49 65
9875,6 49
9876,68 134
9877,11 68 134 137 138 264
9878,11 68
9879,7 138
9880,4 5 9 17 19
9881,3
9882,128 130 133
9883,123 124 129 133
9884,49 132 316
9885,61 132 357
9886,6 61 66 129 131 314 326 330 345 357
9887,62 125
9888,46 70 169 181 183 187 188 189 190 191 198 199 202 203
9889,3 49 132
9890,1 15 17 19 130 356 357 358 360
9891,1 2 17 19 66 130 133 320 359
9892,66 132 269 315 356
9893,3 360
9894,1 130
9895,6 46 62 65 66 131 132 314
9896,2 10 15 16 17 19 22 25 130 356 359 360
9897,61 128 133
9898,61
9899,108
9900,14 15 17 19 21 22
9901,6 44 55 56 58 63 65 66 74 131 322 345
9902,14 22 46 70 314
9903,
9904,
9905,49 61 124
9906,3 46 49 132 357
9907,52 128
9908,
9909,125 127 128 132
9910,49 62
9911,
9912,69 263
9913,11 53 61 263
9914,124 127 138
9915,
9916,124 330 345
9917,70 314 322 330 345
9918,
9919,49
9920,
9921,
9922,357 358
9923,
9924,65 156
9925,2 122 124 269 356 358
9926,5 10 122 124 269 345 358
9927,
9928,5 7 49 69 151 152 158 160 162 163
9929,
9930,153 166 171 175
9931,5 6 46
9932,
9933,61 133
9934,61 128 133 137
9935,
9936,313
9937,151 159 162 169 172
9938,5 44 62 70 123 124 133
9939,69 157 160 163
9940,44 55 58 70 157
9941,127 128
9942,44 68 158
9943,44 158
9944,
9945,18 23 24 66
9946,129
9947,10 18 23 24 65 66 316
9948,55 58 65 66
9949,
9950,
9951,55 65 68 69 151 157 160 161 162
9952,344
9953,153 176
9954,5 70
9955,3 44 53
9956,46 53 204
9957,61 127 128 129 133
9958,125 132
9959,123 133
9960,260
9961,5 10 44
9962,61
9963,4 6 44 46 49 158
9964,127 129 133 178 262
9965,27 356 360
9966,
9967,330
9968,166 175
9969,65 66 129 330
9970,76 123
9971,123 131 315
9972,123 132
9973,125
9974,
9975,4 6 46 52
9976,4 5 46 52 70
9977,
9978,6 55 70
9979,153 166 171 175 176
9980,49 315
9981,
9982,77 96
9983,
9984,11 49 53 61
9985,
9986,49
9987,127 128 129 133
9988,138
9989,68 131 137 138
9990,
9991,77 96 98 99 318 331 344 348 352
9992,
9993,6 134 263 264 317 339
9994,
9995,125 131 132 133
9996,
9997,153 169 172 186
9998,3
9999,11 53
10000,258 263
10001,
10002,127 132
10003,4 124 131
10004,
10005,
10006,6 121 264 321 339
10007,339
10008,7 11 62 68 70
10009,
10010,
10011,
10012,
10013,
10014,
10015,11 44 263 323 339
10016,384
10017,112 118
10018,74 345
10019,131
10020,330
10021,
10022,316 345
10023,316 336 345
10024,
10025,73 153 156 158 160 162 163 165 166 169 171 172 174
10026,
10027,
10028,4
10029,11 68 134 138
10030,
10031,4 53
10032,61 123 124 128
10033,6 152 157
10034,128 138 314 330
10035,264
10036,126
10037,
10038,
10039,124
10040,
10041,
10042,256
10043,48 74
10044,48 56 65 66 74
10045,48 56 74
10046,
10047,65 74
10048,48 56 65 66 74 153 156 161 165 166 169 171 175 180
10049,48 56 74
10050,48 65 66 71 74
10051,112 118
10052,17 21
10053,6 49 52 61 124 131
10054,
10055,
10056,
10057,
10058,
10059,
10060,
10061,
10062,112 118 260
10063,324 357 358
10064,169 172
10065,46
10066,
10067,
10068,124
10069,5 7 11 44 63 138
10070,123 133 259
10071,260
10072,
10073,
10074,4 172 187 188 196 199 201 202
10075,
10076,127
10077,127
10078,
10079,123
10080,61
10081,54 72
10082,
10083,54 56 57 64 72
10084,64 65 72
10085,54 56 64 72
10086,64 72
10087,112 118
10088,322
10089,
10090,
10091,325 335
10092,256
10093,112 118 260
10094,123 125 127 128 132 133 134 258 259
10095,
10096,7
10097,315
10098,
10099,46 169 199
10100,112
10101,
10102,124 315 330 345
10103,51 330
10104,108
10105,
10106,9 14 15 17 19 21 22
10107,
10108,14 15 17 19 21 22
10109,45 78 121
10110,112 118 260
10111,
10112,122 123 127 128 130 133 258
10113,
10114,122
10115,10 61 63 127 128 131 133 316 345 386
10116,
10117,127
10118,
10119,3 46 68 264
10120,7 52 68
10121,387
10122,9 14 17 21
10123,9 21 104
10124,387
10125,9 14 15 17 21 22
10126,
10127,
10128,7 11 55 58 61 62 63 66 73 131 132 134 258 316 321
10129,52 62 104 321
10130,5 11 62 104 317 321
10131,
10132,123
10133,137 256
10134,
10135,133
10136,60 77 94 318 325 331 335
10137,
10138,62 126 129 130 132 133 134 314 316 357
10139,123 132
10140,77 96 98 99 344 348 352
10141,123 126 127 128 132
10142,
10143,11 44 138 339
10144,
10145,46 151 169
10146,68
10147,128
10148,7 129
10149,4 124 131
10150,
10151,11 73
10152,69 152 153 157 158 159 160 161 162 163 164 165 166 168 169 171 174 175 177
10153,5 46 53
10154,
10155,153 160 161 162 163 164 165 166 169 171 172 175 176 180 184 186 205
10156,
10157,10 56 65 66 123 127 128 129 131 133 322 330 345
10158,260
10159,123 126 127 128 129 133 134 258 259
10160,
10161,
10162,125 127
10163,127 264
10164,52 158
10165,4 125 127 133
10166,123 127 129
10167,129 138
10168,
10169,112
10170,129
10171,18 60 77 335
10172,11 131 137 138 322
10173,
10174,
10175,11 137
10176,
10177,
10178,
10179,
10180,44 63 66 68 70 321
10181,
10182,335
10183,2 314
10184,2
10185,22 345 358
10186,
10187,169 191
10188,2
10189,
10190,
10191,2 10 58 345
10192,
10193,103 112 118 256
10194,
10195,
10196,7 68 123 132 138
10197,21 22
10198,9 14 15 17 19 21 22
10199,
10200,4 17 44 46 49
10201,152 174
10202,108
10203,70 131 314
10204,
10205,
10206,
10207,
10208,
10209,
10210,
10211,
10212,
10213,
10214,101 386
10215,
10216,124 125 131 133
10217,124
10218,7
10219,
10220,5 11 61 63
10221,4
10222,128 133 138
10223,7 128 138
10224,62 316
10225,49 53
10226,70
10227,4 316
10228,49 358
10229,
10230,5 44 46 70 73 151
10231,256
10232,124
10233,46 130
10234,
10235,7 67 68 131 138 263 315 339
10236,134 256
10237,126 263 323
10238,15 19 21
10239,15 19 21
10240,3 15 17 19 21
10241,
10242,2 17 21
10243,1 52
10244,3 70
10245,3 138
10246,
10247,63 70
10248,123 133
10249,132 133 256
10250,
10251,
10252,22
10253,22 358
10254,21 22 358
10255,14 21 22 62 358
10256,22 62 104 316 317 345
10257,169 181 191
10258,22 358
10259,10 21 22 124 358
10260,
10261,21
10262,
10263,
10264,108
10265,123 127 128 136 137 258
10266,125 133 134 137 138
10267,4
10268,278 279 281 282 284 286 287 289
10269,62 129
10270,112 118
10271,123 125 127 128 133 134 136 258
10272,
10273,138
10274,123 125 127 128 133 325
10275,123 125 127
10276,125 133
10277,53
10278,357
10279,131 322
10280,
10281,
10282,123 124 125 134 137 258
10283,
10284,61 125 126 127 128 133 134 136 137 138 264
10285,125 126 127 128 129 134 136 137 138 257 264
10286,10 11 16 121 137 138 322 358
10287,69 73
10288,126 323
10289,
10290,
10291,
10292,314
10293,
10294,
10295,
10296,11 48 50 65 66 67 71 74
10297,48 74
10298,126
10299,70 152 157 159
10300,73 157 159
10301,6 69 264
10302,
10303,6 63
10304,
10305,
10306,151 153 156 165 171 175 176 179
10307,
10308,
10309,127 128 131 133
10310,153 156 161 165 166 168 171 172 175 176 178 179 180
10311,5 44 63 70
10312,
10313,
10314,
10315,315
10316,316
10317,3 6 131 314 321 357
10318,61 314 321 357
10319,3 6 132 321 357
10320,
10321,3 315
10322,3 6 61 131 314 321 357
10323,132 322
10324,49
10325,3 6 49
10326,4 5 70 314 317
10327,3 316
10328,
10329,
10330,20 62 71
10331,18 20 23 24 70
10332,18 20 23 24 70
10333,49 53 61
10334,3 315
10335,18 70
10336,108 112 118
10337,7 11 69
10338,
10339,6 52
10340,
10341,
10342,73 152 157 159 174
10343,10 16 62 138 322 323 358
10344,112 118
10345,3 6 44 58 62 63
10346,6 49 316
10347,5 11 62
10348,44 49 53 61 63
10349,10 11 61 124
10350,11 56 66 67 68 152 157 158 162 163
10351,127 128 133 258
10352,
10353,
10354,127 128 129 133 136 316 345
10355,127 128 129 133 345
10356,
10357,58 65 66
10358,169 172 181 183 187 188 189 190 191 194 196 198 199 200 201 202 203 205
10359,1 56 65 66 74 129 324 330 345
10360,278 281 282 286 287
10361,56 58 65 66 74 345
10362,
10363,
10364,
10365,
10366,
10367,
10368,12 18 23 48 56 74 153 156 161 165 168 169 175 176 179
10369,65 74
10370,3 70 321
10371,121 126 134 263 264
10372,
10373,
10374,53
10375,
10376,53
10377,
10378,
10379,
10380,
10381,54 59 72
10382,152
10383,264
10384,73 152 157 158 159 162
10385,11 53
10386,5 11 53 55 61 70
10387,11 53 55 70
10388,53
10389,
10390,3 53 70
10391,318
10392,46 52 61 317
10393,46 62
10394,11 13
10395,126 313 323
10396,11 62
10397,
10398,44
10399,44 46 53 62 70
10400,134
10401,77 325 331
10402,98 344
10403,
10404,49
10405,339
10406,52 69 73 152 157 158 160 162 163 169
10407,
10408,
10409,
10410,134 264 317 339
10411,11 317 339
10412,
10413,112
10414,
10415,44 67
10416,
10417,
10418,
10419,169 172
10420,2 10 16 17 25 27 356 359
10421,153 169 175
10422,
10423,105
10424,3
10425,2 3 44 53 70
10426,49 153 156 161 162 166 172
10427,4 44 63 65 74
10428,3 94
10429,
10430,325
10431,166 174 176 178 183 185 195
10432,160 163 166 169 171 172
10433,
10434,3 44
10435,170 173
10436,
10437,70 132 316 345
10438,46 49 66
10439,
10440,
10441,49 61 131 314
10442,
10443,
10444,
10445,
10446,70 124 125 133 262
10447,
10448,
10449,
10450,175
10451,256
10452,62 127 128 129 132 133
10453,176 193 195
10454,4 5 63
10455,5 10 49
10456,9 10 12
10457,10 12 16
10458,5 61
10459,
10460,256
10461,61 123 128 138
10462,
10463,335
10464,125 129
10465,68
10466,258
10467,138
10468,21
10469,2 3 70 132
10470,
10471,1 3 12 15 17 19 21 22
10472,
10473,6 44 66
10474,44
10475,11 49 68 69 158
10476,46
10477,46
10478,46
10479,44
10480,158
10481,
10482,46 62 123 131 314
10483,
10484,127 128 133
10485,263
10486,5 49 63 357
10487,322 324
10488,56 65 69 73 157 158 159 160 162 163 164 165 166 171 174 175 177
10489,133 152 157 165 166
10490,49 357
10491,357
10492,128 130 133 322
10493,
10494,5 49 52 55 61 63 258 263
10495,66 70
10496,52 56
10497,56 65 66 153 156 165 166 169 171 172 176 179 180 335 358
10498,
10499,5 9
10500,321
10501,
10502,152
10503,132 316 324 336
10504,20 23 24
10505,123 127 258
10506,61 127 128 132 133 136
10507,
10508,
10509,
10510,
10511,
10512,7 68 138 322
10513,53 159
10514,3 5 11 44 53 68 204
10515,
10516,62 123 132
10517,112 118
10518,70 124
10519,
10520,70 314 345
10521,70
10522,124
10523,2 17
10524,128 345
10525,1 10 330
10526,1 345
10527,1 70 132 315 316 324 330 345
10528,3 70
10529,1 2 10 17 21 330
10530,1 2 16 17 21 358
10531,2 63 129 132 138 315 316 322 324 330 345
10532,1 2 70 322
10533,46
10534,1
10535,1 12 324
10536,1 10 12 16 17 21 263 358
10537,10 16 17 51 131 314 324 330 358
10538,7 11 55 67 131 137 138 321 324
10539,52
10540,314
10541,256
10542,123 130 204
10543,123 127 128 137
10544,46 172
10545,
10546,65 74
10547,48 56 62 66 74
10548,58 61
10549,48 66 74
10550,5 48 56 58 61 66 70
10551,48 49
10552,56 58 62 70
10553,11 48 50 56 66 74
10554,62
10555,
10556,1
10557,
10558,11 46
10559,11 68 151 157 159 161 163 164 165 177 321
10560,169 172 181 187 188 190 192 194 196 197 199 200 201 205
10561,52 67 68
10562,7 11 67 68
10563,
10564,
10565,101
10566,
10567,
10568,
10569,134 137
10570,260
10571,55 56 65 66 69 151 152 157 158 159 160 162 163
10572,176 178 182 193 195
10573,260
10574,112
10575,
10576,
10577,
10578,
10579,
10580,321 323
10581,124
10582,330
10583,278 279 282 287
10584,7 11 67 69 73 151 152 157 158 159 160 163
10585,330 345
10586,62 70 124 314
10587,65
10588,
10589,
10590,324 345 357
10591,339
10592,134 263 264 316 339
10593,4 5 6 61
10594,96
10595,169 172 181 188 192 194 196 199 200 201 205
10596,
10597,44 58 61 66 131
10598,44 49 53 62 125 129 132 138 315
10599,108 112 118
10600,11 68 131 137 138 314 322
10601,126 313
10602,
10603,68 123 131 134 137 315 323 345 357
10604,123 128 134 137 138
10605,
10606,17 21 25 358
10607,2 10 16 17 21 358
10608,
10609,127
10610,63 104
10611,5
10612,
10613,260
10614,7 11 61 66 127 128 131 133 322 324 345
10615,73
10616,
10617,11 68
10618,
10619,52
10620,
10621,3
10622,58 65
10623,108
10624,
10625,
10626,52
10627,46 49 52 204
10628,
10629,134 137 314
10630,165 180 348
10631,153 159 160 161 164 166 168 169 171 172 175 179 180 186 188 205
10632,54
10633,357
10634,54 57 72 81
10635,287
10636,
10637,121 123 126 127 128 129 133 134 258 259
10638,264
10639,
10640,
10641,112 118 260
10642,125
10643,263
10644,121 131 134 264 315 316 317
10645,
10646,125 128 132
10647,108
10648,
10649,3 11 78
10650,3 15 17 19 21
10651,61
10652,
10653,49
10654,131 138 314 324
10655,11 68 69 151 157 158 159 160 162 163
10656,169 172 192 205
10657,259
10658,
10659,124
10660,335
10661,48 56 66 74
10662,48 56 68 70
10663,
10664,
10665,6 44 49 132 316
10666,49 130 315
10667,133
10668,108
10669,45 63 70 131 330
10670,5 70
10671,6 45 49 63 78
10672,328 345
10673,63
10674,45
10675,2 17 25 28 359
10676,2 17
10677,2 17
10678,3 25 28
10679,2 17 28
10680,
10681,2 17 28
10682,28
10683,70
10684,2 17 28
10685,2 17
10686,2 17
10687,2 17 25 28
10688,2 17 25 28 359
10689,2 17 25 28
10690,
10691,2 17 28
10692,
10693,169 172 184 188 194 196 198 199
10694,58 124
10695,58 62 124
10696,56
10697,48 56
10698,
10699,3 58
10700,48 56
10701,
10702,4
10703,
10704,161 176 183
10705,
10706,
10707,6
10708,17 21 25 27
10709,
10710,
10711,339
10712,67 317 339
10713,152 153 158 160 162 163 164 165 166 169 171 175 180
10714,
10715,7 11 68
10716,322
10717,
10718,
10719,
10720,151 169 172 186 205
10721,
10722,112
10723,
10724,169 172 188
10725,4 6 46 49 61
10726,325 331 335
10727,169 172
10728,70 169 176 188
10729,124 128
10730,49 55 66 73 151 154 158 160 162 165 166 169 172
10731,108
10732,134 256
10733,130
10734,127 128 133
10735,123
10736,3 6 7 44 49 53 63
10737,
10738,57
10739,165 169 172
10740,
10741,5 11 46 137 315 316
10742,
10743,321
10744,264 339
10745,
10746,61 324 345
10747,
10748,1 2 10 16 66 131 133 322 324 330 345
10749,124 131 316 322 330 345
10750,66 84
10751,
10752,
10753,56
10754,
10755,
10756,62 129
10757,132 335
10758,178 325 335
10759,125 314
10760,
10761,55 69 151 157 160 162
10762,11 44 53
10763,53 67 317
10764,
10765,
10766,321 323
10767,4 62 127 128
10768,60 77 88 96 99 318 331 335
10769,138
10770,
10771,
10772,
10773,
10774,
10775,53 55 56 65 66
10776,55 58 65
10777,48 62 65 66 74
10778,47 96 99 344
10779,58 156 161 164 169 171
10780,
10781,
10782,174 175
10783,
10784,
10785,45
10786,45
10787,
10788,
10789,
10790,160 169 172
10791,112
10792,125
10793,
10794,124
10795,
10796,58 65 66
10797,
10798,77 96 98 99 331 344 348 352
10799,6 46 49 52
10800,62 63
10801,159 160 165 169 171 172 175 181 184 186 188 192 194 199 205
10802,73 151 157 159 174
10803,7 55 56 57
10804,56 65 66 153 156 158 159 160 161 162 163 164 165 166 168 169 171 172 174 175 177 179 180
10805,
10806,
10807,
10808,132 259
10809,2 10 16 17 19 330
10810,
10811,1 2 10 16 17 19 21 322 330
10812,2 316 322 324 330
10813,1 124 315 322 330
10814,112
10815,
10816,5 7 11 62 67 68
10817,1 2 17 25
10818,2 17 25
10819,
10820,61
10821,152
10822,158
10823,
10824,52
10825,11 61
10826,157 159
10827,44 70
10828,2 10 16 133 134 316 336 356
10829,287 295
10830,126 137
10831,123
10832,68
10833,
10834,153 158 164 165 171 175
10835,169 172 205
10836,138
10837,11
10838,
10839,132 335
10840,
10841,
10842,256
10843,10 14 16 17 19 21 22 124 317 357 358
10844,256
10845,12 14 17 19 21 22 358
10846,153 156 159 160 161 162 165 166 168 171 172 175 176 178 180 183 189
10847,12 153 156 157 158 159 160 161 162 163 164 165 166 168 169 171 172 173 175 176 177 178 180 181 183
10848,10 159 160 165 169 172 175
10849,70 137 138 324
10850,17 25
10851,
10852,162 169 172
10853,
10854,
10855,
10856,134
10857,46 49 76
10858,7 44 63 70
10859,6 7 68 70 132 134 264 314 321
10860,256
10861,23
10862,55 156 160 165 169 172
10863,66 70
10864,132 330
10865,6 7 46 55 70 73
10866,46 70
10867,108
10868,45 78
10869,45
10870,46 70
10871,3 68
10872,
10873,
10874,27 358 359 360
10875,
10876,
10877,108
10878,
10879,161 166 171 172
10880,3 6 52 55 70
10881,
10882,4 5 46 62 65 66 316
10883,189 195
10884,5 44 46 55 56 63 65 66
10885,112
10886,7 11 67 68 69 70
10887,157 159
10888,
10889,44 49 315
10890,
10891,
10892,68 138
10893,
10894,
10895,
10896,260
10897,
10898,
10899,
10900,3
10901,63 314 322
10902,
10903,
10904,
10905,101 121 386
10906,
10907,5 53 62 63
10908,61 70
10909,3 52 61
10910,123 127 258
10911,112
10912,77
10913,
10914,103 112 118 260
10915,7 11 55 62 67 68 70
10916,11 55 58 61 62 67 121 134 263 315 316 317 321 323
10917,314 339
10918,386
10919,
10920,112
10921,65
10922,123 124 129 131 137 330
10923,
10924,
10925,17 21 25 358
10926,5 10 61
10927,10 61
10928,
10929,
10930,
10931,11 52 67
10932,
10933,5 45
10934,5
10935,45 68 78
10936,11 49 61
10937,
10938,73 151 158
10939,129
10940,5 53
10941,4 46 49 52 53 61
10942,122 127 130 132
10943,
10944,77 331
10945,123 132
10946,318
10947,
10948,70
10949,152 157 160 169 317
10950,169
10951,
10952,
10953,
10954,
10955,10 124 134 314 317
10956,
10957,70 134 317
10958,70
10959,314
10960,
10961,313 314
10962,
10963,73
10964,
10965,256
10966,96 98 99 344
10967,15 17 19 28
10968,15 17 28
10969,17 28
10970,15 17 19 28
10971,15 17 28
10972,
10973,3 46 151
10974,46 123 313
10975,49 315
10976,
10977,103 112 118
10978,63 131 264 314 330
10979,56 66 330 345
10980,108 259
10981,
10982,126 138 263 323
10983,112
10984,61 125 127 128 134 137
10985,69 151 152 158 160 162 163
10986,46 151 161 166 169 172
10987,127 129 131 133 136 137 138
10988,283 288 290 291 293 296 298 299 307
10989,
10990,
10991,11 68 123 129
10992,112 118
10993,69 73 151 152 157 158 159 162
10994,125 133
10995,2 10 63 131 132 316 322 324 330 339 345
10996,7 324 330
10997,61 62 104 132 138 314 316 322 324
10998,
10999,52 68
11000,123
11001,
11002,50 65 71
11003,316 322
11004,5 48 56 63 65 66 70 74 316 345
11005,
11006,134 315
11007,7 52 68 357
11008,5 10 11 67 68 69
11009,3 5 7 52 68 73
11010,
11011,156 168 176 178 325
11012,153 156 157 159 160 161 163 164 165 166 168 170 171 174 175 176 177 178 182 183 185 193 195
11013,
11014,44 46 49 158
11015,
11016,4 5 10 44 46 70
11017,
11018,112
11019,
11020,153 158 163 164 165 171 175
11021,125 127 129 133 137 264
11022,1 2 3 17 21 25
11023,46 156 160 165
11024,
11025,
11026,258
11027,
11028,
11029,123 126
11030,68
11031,
11032,256
11033,
11034,
11035,46 49 53 61 124 315 316
11036,1 12 17 46 49 52
11037,1 12 15 17 19 21 49
11038,44 49 61 315 316
11039,2 10 15 44 53 63 131 132 315 316 322 324 345
11040,15 17 19 21 22 46
11041,137
11042,
11043,324
11044,
11045,
11046,46 70
11047,44 67
11048,67 152
11049,
11050,127 133 178
11051,53
11052,5 49 61 67 68 70
11053,123
11054,
11055,260
11056,123 127 128 129 133 134
11057,123
11058,
11059,49
11060,46 61 70 73
11061,104 256
11062,124
11063,112 118
11064,6 55 62 63 65 66 124 125 127 128 131 133 314 316 322 330 345
11065,56 66 162 169
11066,
11067,258
11068,169 187 188 194 196 198 199 200
11069,126 129 138
11070,
11071,151 315 325
11072,7 11 131 151 263 321
11073,256
11074,
11075,
11076,108
11077,108
11078,153 168 171 175 176 179 180
11079,11 48 56 58 66 74 137
11080,112
11081,3
11082,152 153 157 164 165 168 171 174 176
11083,123 129
11084,286 291 293 299
11085,68 137 315
11086,11 67 137 315
11087,
11088,128 330
11089,
11090,
11091,
11092,169
11093,170 173
11094,53
11095,
11096,49 158 166
11097,125 132 357
11098,176 187
11099,4 17 46 49 124
11100,
11101,55 56 66 316 330 345
11102,63 132 137 138 316 322
11103,6 68 123 129 132
11104,5 52 67 68 70
11105,103 112
11106,7 138
11107,
11108,11 68
11109,160 169 172
11110,125 313
11111,
11112,128
11113,128 133
11114,128
11115,128 133
11116,128 133
11117,56 65 66
11118,153 156 159 160 161 163 164 165 166 168 169 171 172 173 174 175 176 178 179 180 181 183 187 188 189 193
11119,
11120,125
11121,124 131 151 325 357
11122,114
11123,
11124,2 10 16 27 356 358 359 360 386
11125,
11126,318
11127,
11128,
11129,58 65 152 158 160 162 163 165
11130,112
11131,11 52 67
11132,151 157 159 169 172
11133,7 11 61
11134,11 61
11135,27 356 359 360
11136,
11137,108
11138,68 126 134 264 323
11139,
11140,123
11141,
11142,134
11143,256 315
11144,126 138 263 323
11145,4 314
11146,4 6 49 61 313 314
11147,4 49 313 314
11148,4
11149,4 49 313 314
11150,4 49 313 314
11151,4 314
11152,4 49
11153,4
11154,4 6 49 63 313 314
11155,4 313 314
11156,4
11157,
11158,278 282 284 286 287
11159,
11160,
11161,5 6 55 61 63 69
11162,
11163,
11164,263
11165,263
11166,263
11167,264
11168,112
11169,
11170,160 172
11171,7 70
11172,
11173,18 60 77 331 335
11174,124
11175,53 55 61 66
11176,68 76 137 314
11177,
11178,126 323
11179,3 6 70
11180,
11181,2 269
11182,
11183,314 356 358
11184,2 3 345
11185,10
11186,2 269 314
11187,2 269 314
11188,
11189,49 61 63 314
11190,2 3 269 335 345 358
11191,
11192,3 269 356
11193,10 124 314
11194,2 356
11195,269 358
11196,2 314 358
11197,269 345 358
11198,6
11199,
11200,3
11201,
11202,
11203,
11204,356
11205,2 269 356
11206,269
11207,2 269
11208,3
11209,
11210,
11211,356
11212,356
11213,356
11214,356
11215,27 356 359 360
11216,
11217,123 124 127 130 320
11218,
11219,
11220,360
11221,211 215 225 228
11222,130
11223,125
11224,211 215 225 228 231
11225,4 46 49 53
11226,53
11227,5 46 70
11228,5 46 53 70
11229,52 70
11230,3 5 53 70
11231,126 323
11232,70 123 315
11233,44 49
11234,70 134
11235,132 181 187
11236,70 315
11237,315
11238,
11239,2 3
11240,3 49
11241,3
11242,3
11243,
11244,61 63 104
11245,162 169
11246,
11247,
11248,112 118
11249,123 130
11250,132
11251,61 127 316
11252,123 127 128 132 133 316
11253,
11254,7 68
11255,
11256,94 131 325 330
11257,316
11258,131
11259,260
11260,125 128 129 134 136
11261,153 156 157 161 163 164 165 168 171 175 180
11262,
11263,
11264,162 166 169 172
11265,4 11 49 313
11266,46 67
11267,
11268,
11269,
11270,4 5 52 124
11271,
11272,5 124 314
11273,112 260
11274,62 129 133 259
11275,3 61 132 138
11276,
11277,
11278,5 44 61 63 70
11279,4 5 44 61 62 63
11280,5 6 12 61 62 104 124 131 314 317 322 357
11281,340
11282,151
11283,
11284,
11285,125 132 133
11286,256
11287,27 356 359 360
11288,
11289,60 88
11290,76
11291,132 345
11292,
11293,6 70 345
11294,
11295,3 5 61 70 124
11296,49 61
11297,61
11298,
11299,151 162 163 166 169 172 205
11300,46 131 137 315 322 330
11301,325 357
11302,17 130 320
11303,56 65 66 131 321 357
11304,65 66 125 131 132 321
11305,169 172 188 194 200 201
11306,
11307,320
11308,56 65 66 125 131 132 357
11309,1 130 320 359
11310,68 127 132
11311,
11312,
11313,330
11314,
11315,317 345
11316,
11317,129
11318,129
11319,
11320,22
11321,
11322,
11323,61 345
11324,
11325,123 125 127 128
11326,
11327,11 61 123 127 128 129 133 137
11328,264
11329,101 121 264 386
11330,101 264
11331,
11332,63
11333,137 322 324
11334,46 49 76 124
11335,3 70
11336,132
11337,
11338,317
11339,
11340,49
11341,4
11342,4 317
11343,4 6 46 49 52 61
11344,9
11345,4 5 52 62 63 70 314 317
11346,44 46 49
11347,46
11348,70
11349,321
11350,4 6 46 49 53 62
11351,3 49
11352,52 70
11353,317
11354,3
11355,49 61 313 322
11356,
11357,164
11358,
11359,11 56 66 158
11360,
11361,256
11362,49 161
11363,54 56 64 72
11364,321
11365,
11366,
11367,101
11368,
11369,
11370,73 156 158 159 160 161 162 168 169 172 175 181 188 196
11371,
11372,
11373,61 313 321
11374,
11375,
11376,
11377,
11378,187 188 190 194 200 201 202
11379,49
11380,
11381,
11382,359
11383,225 228
11384,
11385,61 128
11386,101
11387,386
11388,101
11389,
11390,
11391,101 386
11392,101 386
11393,53
11394,63 65 70 314
11395,11 66
11396,171 175
11397,
11398,6 52 55 62
11399,6 62 69 73 152 157 158 159 160 162 165 169 314 317 321
11400,55 321
11401,69 73 151 157 158 159 160 174
11402,11 67 68 69 151 157 158 159
11403,61 123 128 131 133 345
11404,126 129
11405,
11406,
11407,123 127 128
11408,4 62 71 74 124
11409,6 55 56 58 66 134 315 316 345
11410,
11411,6 44 51 52 62 63
11412,
11413,52 61 70
11414,
11415,11 55 61
11416,
11417,
11418,7 11 55 61 121 134 258 263 264 317 321 323 338 339 340
11419,121 126 258 263 264 321 323 339
11420,123 126 137
11421,112
11422,125 133
11423,54 72
11424,
11425,
11426,4 49 62 65
11427,161
11428,108
11429,
11430,
11431,68
11432,127
11433,313
11434,112 118
11435,11 49 55 69 151 157 158 159 160 162 163
11436,
11437,
11438,125 126
11439,
11440,178
11441,49
11442,112
11443,
11444,
11445,
11446,317
11447,
11448,
11449,
11450,2 48 56 74 330 345
11451,48 74
11452,124 131 132 138 316 322 324 330
11453,48 56 66 74 330 345
11454,61 94 131 151 322 324 325 335 345 357
11455,2 48 56 66 74 345
11456,152 174
11457,68
11458,68 104
11459,68
11460,44 61 63
11461,73
11462,77 88 318 331
11463,328
11464,2 22 128 132
11465,1 2 5 10 70 124 128
11466,123 128 314
11467,181 187 189 190 191 192 194 198 199 200 201 202 203
11468,62 128
11469,129 132
11470,3
11471,52
11472,125 126
11473,
11474,4 46 61 313 314 323
11475,
11476,160 169 172 199 200
11477,323 339
11478,256
11479,4 63 131 314
11480,2 46
11481,1 17
11482,169 172 181 186 187 188 190 191 192 194 196 197 198 199 200 201 202 203
11483,124 131 322
11484,330
11485,49
11486,322 324 345
11487,
11488,44 68 339
11489,
11490,
11491,345
11492,131 322
11493,67 69 152 157 159 174 177
11494,
11495,112
11496,
11497,61
11498,
11499,66
11500,
11501,45 63
11502,5 45 63 78 104
11503,51 63 131 324 330 345
11504,
11505,275 282 284 286
11506,169 181 187 188
11507,68
11508,54 56 57
11509,
11510,
11511,6 49 66
11512,
11513,
11514,18 23 24
11515,157
11516,94
11517,
11518,112 118
11519,
11520,127 258
11521,65
11522,
11523,315 330
11524,291 293 299
11525,
11526,
11527,138
11528,138
11529,124 125 130 133
11530,127 128 130 133
11531,61 129
11532,68 123 132 133 137 138 315 316
11533,123 127 130 258
11534,
11535,6 58
11536,
11537,
11538,55 63 152 158 160 162 163
11539,121 123 126 143 263 323
11540,10 68 70
11541,4 44 49 162
11542,4 6 49 67 68
11543,
11544,
11545,112
11546,62 124 127 128 131 136 314
11547,
11548,6 61
11549,
11550,118
11551,325 335
11552,
11553,5 6 10 55 58 61 62 63 65 66 74 104 131 314 316 317 321 345
11554,9 12 14 15 17 19 21 22 44
11555,9 14 15 17 19 21 22
11556,5 6 15 53 61 63 70 124 131 314 324 357
11557,4 5 9 10 12 14 15 17 19 21 52 63 104 124 316 322
11558,
11559,
11560,101 386
11561,101 386
11562,
11563,108
11564,
11565,153 156 161 165 168 176 178 179
11566,46
11567,11
11568,
11569,
11570,169
11571,384
11572,49 58
11573,104 256
11574,5 11
11575,161 169
11576,
11577,
11578,127
11579,6 55 56 62 66 121 125 127 128 129 131 133 258 259 260 313 316 339
11580,322
11581,3 49 124 131 322
11582,4
11583,72
11584,108
11585,58
11586,48 56 70
11587,58
11588,10 67 138 322 324 358
11589,
11590,22 24
11591,5 10 61
11592,61
11593,
11594,152 157 159
11595,10
11596,9 10
11597,
11598,5 46 61 70
11599,9 61
11600,279 287
11601,152
11602,9 61
11603,44 55 56 63 66 68 70
11604,
11605,6 55 56 58 62 65
11606,
11607,
11608,68 153 157 161 163 164 166 170 171 174 175 177
11609,
11610,264 330 339 340
11611,321 330
11612,
11613,
11614,51 63
11615,62 314
11616,44 61 63 104 314
11617,
11618,
11619,125 126 127 138 258
11620,68
11621,68 123 125 126 127 128 131 138 258 264
11622,
11623,
11624,126 127 128 129 133 264
11625,124 125 127 128 129 133 134 136
11626,158
11627,
11628,325
11629,137
11630,
11631,2 25 27 359
11632,68 138
11633,263
11634,
11635,11 68 121 126 264 315 321 323
11636,
11637,
11638,124 264 316 322 330
11639,322
11640,68 69 151 157 158 159 160 162 163 165 166 174 177
11641,6 11
11642,11 67 68
11643,169 171 172 205
11644,
11645,
11646,94 137
11647,
11648,316 322 325 330 335 345
11649,322 330 345
11650,132 330
11651,151 153 156 160 161 165 169 172 179 181 186 187 188 194 196 198 199 201 202
11652,6 63 124 314 316 322 324 330 345
11653,46 61
11654,6 46 52 61 62 63 104 124 131 132 314 316 330
11655,46 322 324 345
11656,6 61 63 66 124 131 314 316 322 330 345
11657,52
11658,58
11659,6 55 58 65 66 71 74
11660,48 56 63 66 74
11661,56 58
11662,48 55 56 65 71 74
11663,48 55 56 65 71 74
11664,112
11665,46 49
11666,5 10 63 121 322 324 330
11667,108
11668,
11669,
11670,131 317
11671,6 46 52 62 63 124 131 317 321
11672,4 58 315 316 317 321
11673,63 104 131 316 317 321 330 345
11674,138 321 322
11675,61 131 316 317 321 345
11676,6 44 58 61 63 124 132 138 315 316 317 345
11677,315 316 317 345
11678,94 153 165 176 335
11679,
11680,
11681,
11682,
11683,
11684,
11685,
11686,
11687,
11688,
11689,
11690,
11691,
11692,
11693,132
11694,131 314 330
11695,
11696,3 46 56 58 66 70
11697,
11698,
11699,5 49
11700,46 58 65
11701,65
11702,
11703,94 325 335
11704,6 58
11705,56 153 156 161 163 164 165 166 168 169 170 171 173 174 175 177 179 180
11706,5 46 49
11707,
11708,
11709,
11710,
11711,
11712,1 2 330 345
11713,1
11714,1
11715,
11716,
11717,48 50 56 65 71 74
11718,
11719,
11720,
11721,
11722,356 358 359
11723,
11724,124 125 127 129
11725,6 7 11 52 61 67 68
11726,6 46 52 152
11727,4 68
11728,4
11729,131 314
11730,176 189 195
11731,
11732,
11733,340
11734,108
11735,11 56 66 69 73 152 157 158 159 161 162 163 164 171 175 177
11736,
11737,384
11738,4 6 49 52
11739,4 44 62 63 71
11740,3 6 44 53 58 63 70
11741,5 58 61
11742,
11743,
11744,
11745,123
11746,
11747,11 44 73 158 162
11748,56 66
11749,5 70
11750,6 52
11751,69 157 158 159 160 162 163
11752,114 120
11753,
11754,124
11755,3 131 151 169 172 186 187 188
11756,49 62 132
11757,62 132
11758,125 126 258
11759,112
11760,129
11761,
11762,
11763,11
11764,
11765,125 128 133
11766,
11767,4 44 58 61 313 314
11768,263
11769,263 264
11770,121 126 258 263
11771,256
11772,
11773,152 158
11774,7 46 52 68 69
11775,
11776,49
11777,153 157 158 159 160 161 162 164 165 166 168 169 171 172 175 177 180
11778,5 49 67 68 69 151 158 162 163
11779,166 171 172
11780,112 256
11781,18 20 23 24
11782,6 11 49 52 62 66
11783,11 44 61 138 345
11784,6 52 53
11785,11 46 48 56 65 66 74
11786,46 62 151
11787,
11788,4
11789,112
11790,7 11 68 69
11791,151
11792,
11793,
11794,360
11795,63
11796,
11797,63
11798,
11799,
11800,
11801,44 46 322
11802,
11803,
11804,
11805,264
11806,263
11807,
11808,104 316 322 345
11809,
11810,
11811,153 156 161 164 166 168 171 175 177
11812,11 53
11813,
11814,
11815,
11816,
11817,46 61 70
11818,
11819,46 70 108 314
11820,124
11821,
11822,
11823,94
11824,314
11825,340
11826,6 46 315
11827,7 11 45 68 263 339
11828,151 165
11829,313
11830,
11831,330 345
11832,131 132 314 330
11833,345
11834,52
11835,
11836,11 52 53 79
11837,7 52 53
11838,94 133 325 335
11839,134
11840,153 169 179 180 188
11841,
11842,
11843,
11844,11 67
11845,131
11846,70
11847,152 158 162
11848,
11849,
11850,48 56 65 74 330
11851,65
11852,5 58 63 70
11853,
11854,49 315
11855,6
11856,46 151
11857,
11858,
11859,
11860,315
11861,313
11862,12 15 17 315
11863,9 14 15 17 21 22
11864,314 321
11865,
11866,9 15 17 21 22
11867,
11868,153 156 158 159 160 161 162 163 164 165 166 168 170 171 173 174 175 178 180
11869,65 66
11870,
11871,19 66 320 325 330
11872,124 325 326
11873,5 61 63 124 131 314
11874,53
11875,130 133
11876,176 178 183 187 189 190 193 195
11877,63 66 125 128 131 133 316 322 330 345
11878,
11879,153 156 161 163 164 166 168 170 171 173 174 175 177 205
11880,49 138 158 321
11881,68 137
11882,7 11 68 137 138 321
11883,
11884,6
11885,5 49 63
11886,5 49
11887,6
11888,
11889,27 356 360
11890,123 129
11891,137
11892,
11893,7 125 128 138
11894,
11895,
11896,
11897,
11898,
11899,
11900,131 132
11901,
11902,
11903,56 66 330
11904,44 151 162
11905,134 269 315 345
11906,314 330
11907,61
11908,
11909,
11910,138
11911,132
11912,123 129 138
11913,56 66 166
11914,55 56 66
11915,
11916,5 10 16 44 53
11917,128
11918,56 65
11919,5 58 63 66
11920,5 56 58 63 66
11921,
11922,
11923,46
11924,3 322
11925,44
11926,125 127 259
11927,73 151 153 156 157 158 159 160 161 162 164 165 166 168 169 172
11928,133 138 316 322 357
11929,
11930,46 49 157
11931,11 124
11932,
11933,
11934,153 165 168 171 175 176 179 180
11935,46
11936,70
11937,61
11938,11 69
11939,77 96 98 99 344 348 352
11940,129 133
11941,260
11942,7 11 61
11943,171
11944,313
11945,161
11946,66
11947,124 125 133
11948,7 11 67 68 69 73 151 152 157 158 159 160 162 163 174 177
11949,215
11950,258 263
11951,126 127 130 133
11952,264
11953,
11954,
11955,
11956,126 127 128 129 133 136 259 264
11957,127 132
11958,153 156 157 161 164 169 171 172 175 176 178 182
11959,128 314
11960,
11961,
11962,126 323
11963,108
11964,123 127 128 129 133
11965,123 137
11966,44 70 151 159 162
11967,
11968,56 58 63 65 66
11969,5 65
11970,7 11 121 125 134 137 138 263 264 317 339
11971,187 189 190 202
11972,
11973,174
11974,
11975,
11976,77 96 98 99 318 331 344 348 352
11977,131 330
11978,51 63 78 322 324 330 339 345
11979,3 104 357
11980,153 156 164 169 171
11981,
11982,
11983,5 63 70
11984,
11985,153 156 164 171 175 180
11986,63
11987,
11988,
11989,112
11990,
11991,189
11992,4 49 61
11993,256
11994,48 56 66 74 330
11995,
11996,
11997,
11998,1 17 21 25 27 358
11999,17
12000,3 44 55 70
12001,
12002,6 63 131
12003,
12004,
12005,132 316
12006,70
12007,
12008,63
12009,63
12010,61 63
12011,61 65 128 131 134 136 314 321 345
12012,6 48 56 65 66 74
12013,62 131 134 136 137 314 317 321 323
12014,
12015,
12016,7 55 61 67 69 73 124 125 127 129 131 134 137 138 158 258 263 264
12017,
12018,4 5 70
12019,70
12020,315 345
12021,
12022,63 104
12023,
12024,
12025,166 170 173
12026,
12027,3 6 7 52 63 70 264 321 339
12028,
12029,5 44 63 70
12030,169 184 186 192 199
12031,3 46 70
12032,134 264
12033,
12034,
12035,
12036,46 73
12037,
12038,125
12039,
12040,132 324
12041,
12042,4
12043,50 71
12044,46 49 52
12045,46 62 63 65 321
12046,7 49 50 53 61 71
12047,50
12048,53
12049,
12050,
12051,2 122 134 269 386
12052,133
12053,
12054,187 269 356 358
12055,
12056,2 128 356
12057,127 128 130 258 386
12058,270 284 286 287
12059,2 122 128 134 269 356 358
12060,124 133
12061,
12062,96 99 352
12063,256
12064,10 16 17 19 21 358 359
12065,
12066,
12067,61 125 128 131 133 134 315 316 330 345
12068,70 138 316 345
12069,
12070,3 63 124 322
12071,63 70
12072,63
12073,4 44 49 172
12074,5 6 46 61
12075,3 6 44
12076,
12077,
12078,169
12079,
12080,6 7
12081,
12082,
12083,
12084,6 67 78
12085,
12086,5 63
12087,45 51 63
12088,
12089,112 118
12090,53 157 159
12091,
12092,
12093,126 127 128 130 133 136
12094,
12095,197
12096,4 9 14
12097,
12098,
12099,
12100,
12101,6 10 61 317
12102,112 118
12103,94 325 335
12104,94 325 335
12105,77 94 156 179 325 335
12106,14 15 17 21 22
12107,15 17
12108,14 15 17 21 22
12109,14 15 17 21 22
12110,
12111,131 132
12112,
12113,2 10 16 356 358 359
12114,
12115,315
12116,98 139 318
12117,11 61 121 134 137 264 316 317 324 339
12118,96
12119,49 166
12120,
12121,
12122,
12123,256
12124,
12125,123 315 323
12126,49
12127,
12128,4 49 62 63 132
12129,47 94 96 352
12130,65 94 325 335
12131,129 258
12132,
12133,
12134,170 174 178 182 185 193 195
12135,48 56 58 61 74
12136,11 48 50 56 65 66 71 74
12137,68
12138,68 69 157 158 159 163
12139,11 67
12140,
12141,133
12142,
12143,4 5 44 46 49 62 70
12144,3 52 61 73 152
12145,14 17 21
12146,
12147,46 56 161 169
12148,104 256
12149,256
12150,
12151,
12152,
12153,
12154,61 123 132 133 176
12155,112
12156,127 128
12157,
12158,61 70 128 132 138 316 324 345 357
12159,4 131 314
12160,76 128 314
12161,256
12162,
12163,7 68 138
12164,3 49 68 131 315 330
12165,169
12166,
12167,54 56 57 64 66
12168,
12169,
12170,76
12171,204 256
12172,61 125 127 128 133
12173,
12174,56 65 151 153 157 158 159 160 162 163 165 166 169 171 172 175
12175,55 56 65 66
12176,
12177,125 133 137
12178,126 127 128 129 133 258
12179,112
12180,94 151 153 156 165 168 176 325 335
12181,
12182,52
12183,
12184,20 23 24
12185,
12186,5 44 46 70
12187,158
12188,215
12189,315
12190,6 61 63 66 131 316 330 345
12191,3 63
12192,4 62 63 70 124 131 314
12193,1 3 49 66 71 131
12194,3 61 63 131 132
12195,
12196,53 61
12197,69 151 153 156 157 158 159 160 161 162 163 164 165 166 168 169 171 172 175 317
12198,56 156 161 166 169 175
12199,
12200,96 98 352
12201,264
12202,264
12203,
12204,
12205,54 64 72 81
12206,176 178 182 183 189 193 195
12207,
12208,7 68 69 151 157 158 162
12209,48 50 65 71 74
12210,4 6 11 49 52 61 62
12211,
12212,4 358
12213,12 14 16 17 19 21 22 358
12214,3
12215,129 345
12216,125 128 330
12217,
12218,4 10 16 356 358 359
12219,3 17 25 27 356 360
12220,356 358 359 360
12221,10 356 357 358
12222,57 65 72
12223,
12224,124 128 256
12225,
12226,
12227,77 94 98 99 325 335
12228,
12229,55 65 66 345
12230,129
12231,129
12232,112 118
12233,125 137 138
12234,
12235,
12236,
12237,62
12238,
12239,68 138
12240,27 356 358 359 360
12241,
12242,7 11 55 61
12243,159
12244,6 55 61
12245,61 69
12246,120
12247,108
12248,69 73 151 152 157 158 159 160 162 163 165
12249,62 66
12250,5
12251,6 10 62 69 73
12252,157 159 160 162 163 172 174 186
12253,
12254,
12255,101 386
12256,
12257,127
12258,60 77 94 325 331 335
12259,313
12260,76 314
12261,68
12262,11 44 67 152 157 158 159
12263,6 11 52 68
12264,
12265,
12266,
12267,
12268,325 335
12269,204
12270,
12271,
12272,7 69 73 157 158 159 160 161 162 163 166 169 174 177
12273,
12274,65 156 165 166 169 172
12275,48 56 65 66 74
12276,
12277,56 58 66
12278,
12279,11 68 132 137 138 322
12280,46 62 68 123 127 138 158
12281,360
12282,356 358 360
12283,70
12284,
12285,3
12286,2 313 314 321
12287,151 153 156 158 160 161 162 165 166 168 169 171 172 175 179 180 184 186 317 321
12288,55 62 121 264 321
12289,
12290,172
12291,387
12292,387
12293,387
12294,387
12295,125 130 133 262
12296,112
12297,127 178 189 195
12298,7 67 69 73 151 157 158 159 163
12299,112
12300,129 178 187
12301,133
12302,52 67 68 70
12303,158 162
12304,44 49 52
12305,69
12306,
12307,138
12308,61 68 137 138 264
12309,169
12310,
12311,269 356 358
12312,10 21 358
12313,
12314,3 169 181 187 191 199
12315,269 358
12316,
12317,
12318,256
12319,134
12320,67
12321,
12322,5 53 58 315 316
12323,
12324,164 166 171 172
12325,112 118
12326,5 20
12327,5
12328,125 127 128 133
12329,127
12330,318
12331,314
12332,
12333,
12334,
12335,
12336,
12337,
12338,
12339,
12340,4 127
12341,125 132
12342,
12343,
12344,
12345,44 151 162 169 172
12346,137
12347,
12348,
12349,157 169
12350,5 11 53 68
12351,
12352,
12353,46 152
12354,
12355,
12356,
12357,73 151 153 156 157 158 159 160 161 162 163 164 165 166 168 171 172 173 174 175 179 321 323 339
12358,
12359,
12360,69 158 162
12361,16 27 356 359 360
12362,112 118
12363,
12364,142
12365,256
12366,68 264
12367,
12368,2 269 356
12369,1 2 66 130 132 356
12370,1 2 130
12371,2 315
12372,
12373,131 138
12374,134 317
12375,123
12376,
12377,
12378,124 125
12379,
12380,56 65 66 74 324 330 345
12381,55 58 65 67
12382,58
12383,56
12384,153 171 175 176
12385,134 315 317
12386,11 55 62 66 75 131 151 156 157 160 161 162 164
12387,55 56 66 127 131 316 324
12388,
12389,
12390,
12391,5 11
12392,
12393,169 181 187
12394,2 269
12395,2 269
12396,22
12397,2 62 122 128
12398,
12399,153 169 171 179
12400,2 122 329 358
12401,2
12402,2 21 22 122 269 329 356 358
12403,3 5 62
12404,2 269
12405,
12406,
12407,387
12408,127 138
12409,172
12410,112 118
12411,357
12412,67 152 157 159
12413,44 53
12414,10 70
12415,10 16 61 357 358 359
12416,61 204
12417,10 158 159
12418,52
12419,
12420,178
12421,55 68
12422,178
12423,123 125 127 128
12424,169 187 188 194 198 199 203
12425,
12426,112 118
12427,1 9 11 12 104 124 316 322 330
12428,15 17 19
12429,5 44 58 61 126
12430,171
12431,70 73
12432,
12433,54 57 59 64 72
12434,45 78
12435,
12436,3 48 55 56 58 62 63 66 74
12437,46 58 70
12438,
12439,11 52 63 66
12440,
12441,124 125 128 133 137 138
12442,44 62 315
12443,133
12444,
12445,
12446,
12447,132
12448,112 118
12449,56 63 66 68 70
12450,169 194
12451,112 260
12452,61 127 128 129 133 136
12453,
12454,45 78
12455,67
12456,160
12457,
12458,
12459,123 124 132 133 137 138
12460,49 124 131 314
12461,256
12462,256
12463,125 127 138
12464,
12465,
12466,123 126 137 259 264
12467,314
12468,132
12469,108
12470,124 131 330
12471,
12472,124 125 128 314 316 322 345
12473,
12474,55 56 58 63 66 131 322 324 330 345
12475,4 5 53 61
12476,
12477,6 55 56 58 62 63 66 131 316 322 330 345
12478,3 6 70
12479,58 66 313 321
12480,
12481,
12482,
12483,2 58 63 314 345
12484,
12485,
12486,
12487,
12488,
12489,70
12490,
12491,124
12492,128
12493,
12494,
12495,
12496,
12497,4 6 49 63 124
12498,156 161 165 176 178 325 335
12499,
12500,164 179
12501,
12502,112
12503,
12504,138 158 165 166 176 178 264 339
12505,27 356 359 360
12506,11 66 152 158 163 166
12507,46 65
12508,4 46 52
12509,
12510,
12511,11 44 53 62
12512,
12513,
12514,
12515,44 152 158 163
12516,61 123 126
12517,68
12518,69 157 158 159 160 163
12519,
12520,133 134 137 138 264 316
12521,
12522,256
12523,159 169 171 172 179 205
12524,258 260
12525,264 321
12526,
12527,16 126 323 358
12528,132 134 263 264 315 357
12529,10 358
12530,264
12531,
12532,112
12533,
12534,46 125 127 137 324
12535,
12536,
12537,11
12538,151 166 171 173 175
12539,
12540,53
12541,
12542,46
12543,5 70
12544,11 63
12545,94
12546,
12547,61 123 128 133
12548,65
12549,
12550,
12551,
12552,6 7 67 69 152 157 159
12553,
12554,44 49 152 153 165
12555,11 67 68 121 134 137 264 339
12556,69 152 153 156 157 158 159 160 161 162 163 164 165 166 168 169 170 171 174 177
12557,49 315
12558,
12559,61 345
12560,5 62 63 70 124 131 330 345
12561,335
12562,286
12563,73 152 157 158 159 161 163 164 165 169 171 174 177
12564,
12565,
12566,
12567,69 73
12568,45 51 78 137 330
12569,
12570,44
12571,
12572,
12573,10 16 316 322 324 345 357 358
12574,175
12575,121 125 126 127 128 134 136 137 138 258
12576,112
12577,62
12578,3 6 49
12579,6 58
12580,63 71
12581,71
12582,108
12583,256
12584,49 52 121 263 313
12585,
12586,
12587,263
12588,
12589,3 316
12590,4 14 19 22
12591,15 17 19 21 22 124
12592,44 52 63
12593,15 17 19 22
12594,125 127 128 129 130 133 136 259
12595,260
12596,
12597,260
12598,7 11 68 131 133 138 263 339
12599,
12600,62 70
12601,256
12602,124 133
12603,
12604,153 165 166 168 170 171 175 176 178 182 183 189 193 195
12605,11 61
12606,
12607,
12608,7 11
12609,158 160
12610,6 7 11 55 61 63
12611,53 68 69 157 158 159 162 163
12612,68 138 358
12613,10 16 356 358
12614,314
12615,165
12616,315 321
12617,317
12618,11 263 321 323
12619,61 123
12620,61 122 125 127 129 133 137 258
12621,137 313
12622,330
12623,3 6 7 44 52 55 56 58 62 63 70
12624,
12625,
12626,
12627,49 62
12628,3 132 315 323
12629,124 128
12630,313
12631,11
12632,44 63 132
12633,164
12634,44 53 62 63
12635,
12636,24
12637,52 152 160
12638,
12639,49 131
12640,112 118 260
12641,55 56 62 66 131 314 330
12642,
12643,44 138 339
12644,108
12645,
12646,127 133
12647,133
12648,
12649,151 158 159
12650,4 124
12651,62 128 132
12652,
12653,5 63 263 317 339
12654,46 256
12655,108
12656,
12657,
12658,4
12659,3 6 44 53 63 78
12660,70 132
12661,52
12662,73
12663,133
12664,116
12665,
12666,
12667,153 156 161 166 170 171 173 175 177 180
12668,
12669,70 151
12670,46
12671,
12672,126 127 128 129 133 258
12673,358
12674,
12675,7 68 127 138 264
12676,18 20 23 24
12677,61 263
12678,53
12679,4 357 358
12680,356 357 358
12681,16 356 358 359
12682,10 16 356 358 359
12683,2 10 16 358
12684,16 356 358 359
12685,56 58 63 66 131 322
12686,66 131 156 178
12687,18 20 23 24 66 132
12688,18 20 23 24
12689,
12690,64 72
12691,73 151 153 156 162 165 169 172 188
12692,70 124 330
12693,2 330
12694,2 5 330
12695,4
12696,18 20 23 24
12697,18 20 23 24 74
12698,10 20 48 50 56 62 65 66 71 74 330
12699,18 20 23 24
12700,18 20 23 24
12701,48 56 66 71 74
12702,11 131 152 322 324 330
12703,52
12704,52
12705,53
12706,
12707,123 124 125 127 129 137 259
12708,108
12709,
12710,
12711,
12712,2 17 21
12713,112 118
12714,10 16 66 133 315 316 322 324 330 336 345
12715,
12716,70
12717,63
12718,63 70
12719,11 48 50 56 65 66 71 74 345
12720,48 56 74
12721,
12722,
12723,
12724,
12725,7 11 61 104
12726,5 10 44 58 61 63
12727,
12728,133 316
12729,
12730,125
12731,27 356 360
12732,108
12733,124 127 129 130 131 133 137
12734,3 16 357
12735,
12736,46 70
12737,44 46 49
12738,44 70
12739,3 55 56 58 66 70 134 315 317
12740,79 169 171 175 180
12741,49 61
12742,96 98 99 318 325 335 352
12743,2 48 56 66 74 330
12744,2 48 50 56 63 65 66 70 71 74 131 330 345
12745,48 56 58 70 74 315
12746,
12747,2 3 17
12748,2 63 66 104 129 131 132 316 322 324 330 345 357
12749,48 56 70 74
12750,48 50 56 65 66 71 74 330 345
12751,98 325
12752,
12753,
12754,313
12755,11 68 70
12756,
12757,7 68 70
12758,7 67 68
12759,11 152 158 163
12760,
12761,
12762,128
12763,11 63 68 70 131 138
12764,187 190 200 202 203
12765,
12766,70 151 162 166 169 172
12767,169 172 188 192 194 197 199 200
12768,
12769,
12770,
12771,
12772,62 123
12773,128 129 132 133
12774,
12775,129
12776,3 6 7 58 63 66 70 127 131
12777,138
12778,157 158 162
12779,
12780,132 133 259
12781,125 130 133
12782,124 127 128 130 133 136 259
12783,68 69 153 156 158 159 161 162 163 166 168 175
12784,
12785,
12786,11 137 138
12787,
12788,128
12789,123 129
12790,125 126 127 128 129 134 136 138
12791,6 7 316
12792,9 10 16 61
12793,61
12794,108
12795,44 63
12796,153 156 160 161 162 164 165 166 169 171 172 175 180 205
12797,53
12798,61 137 345
12799,174 177
12800,96 98 318 344 352
12801,264 321
12802,
12803,
12804,53 159
12805,
12806,123
12807,
12808,
12809,
12810,126
12811,6 123 126 132 323
12812,124 125 128 134
12813,53
12814,264
12815,159 169 172
12816,44 152 158 162 163
12817,11 53 67 68
12818,7 69
12819,6 7 61
12820,5
12821,69 73 151 157 158 159 160 162
12822,5 11 61
12823,
12824,
12825,
12826,11 44
12827,57 72
12828,112 118
12829,325 335 345
12830,48 56 65 66 74 330 334
12831,44 48 56 66 74
12832,48 56 65 66 74 330
12833,7 44 61 256
12834,
12835,
12836,
12837,
12838,
12839,
12840,
12841,
12842,
12843,
12844,
12845,124 125 133
12846,
12847,
12848,108
12849,63 131 263 330 339
12850,290 291 293 298 299 307
12851,44 67 68 158 163
12852,44
12853,171
12854,
12855,52 53
12856,127 128 129 133 138
12857,
12858,
12859,112 118
12860,315
12861,1 21 358
12862,63 134 314 317 330
12863,134 317 321
12864,1 356 358
12865,1 10 16 315 323 358
12866,70
12867,323
12868,323
12869,
12870,169 181 187 190 199 202 203
12871,46 58 204
12872,4 5 49 58 61 63 66 104
12873,327 328
12874,
12875,
12876,
12877,54 64 72
12878,56 66 72 151 153 156 161 162 164 165 168 169 171 172 175 179 180
12879,256
12880,256
12881,256
12882,137 324 330
12883,
12884,52 161
12885,
12886,12 131 132 324 345 357
12887,322 324 358
12888,
12889,68 123 126 127 128 129 130 133 134 136 258 264
12890,124 129 130 133
12891,
12892,
12893,122
12894,2 122 124 345
12895,
12896,123 386
12897,44 122 123 124
12898,2 269 356 358
12899,58 123 124 345
12900,2 122
12901,63 128 132 386
12902,169 176 181 183 187 189 193
12903,2 10 122 128 356 358
12904,269 356 358
12905,62 122 124
12906,386
12907,151 159
12908,256
12909,
12910,124 322
12911,278 282 286
12912,316 322 345 357
12913,70 316
12914,
12915,11 52 66 68 152 157
12916,112 118
12917,
12918,3
12919,3
12920,
12921,123 127 128 130 133 134 136 316
12922,
12923,
12924,7 11 62 104
12925,
12926,4 48 52 62 71
12927,46 50 55 58 61 65 317
12928,156
12929,
12930,11 67 121 126 137 258 264 321 323 339 340
12931,11 126 138 263 323 339
12932,11
12933,121 123 126 138 145 264 323
12934,
12935,48 56 58 63 65 66 74
12936,48 56 74
12937,124
12938,5 322
12939,132 316 322 324
12940,321
12941,63
12942,317 321
12943,
12944,317
12945,
12946,104 263 317 321
12947,315 321 345
12948,315 317
12949,
12950,315
12951,
12952,7 49 204
12953,46 172
12954,
12955,63 317 321
12956,70 321
12957,63 321
12958,
12959,49 52 63 321
12960,63 321
12961,
12962,68
12963,7 11 68 121 264 317 321 339
12964,105
12965,3 24
12966,10 46 62 152 160
12967,62
12968,3 7 46 61 131 132 324
12969,6 46 73
12970,
12971,339
12972,
12973,
12974,
12975,
12976,
12977,
12978,46 49 52 67 68 76 317
12979,169 188 194
12980,11 55 61 67 68 70
12981,112
12982,
12983,151 153 165 166 172
12984,
12985,46 61
12986,317 321
12987,
12988,2 10 16 27 356 358 359
12989,153 156 161 169 171 175
12990,11 68 137 138
12991,16 356 358 359 360
12992,10 16 128 133 314 345 358
12993,14 17 19 22 356 358 359 360
12994,2 48 55 56 57 58 63 65 66 74 131 322 330 345
12995,1 19 22 65 356 358 359 360
12996,1 15 16 19 48 56 65 66 74 316 330 345 358
12997,6 10 15 16 19 22 56 62 63 65 66 131 314 316 319 322 330 345 357 358
12998,1 2 15 16 19 48 56 65 66 71 74 129 316 330 345 357 358
12999,49
13000,125
13001,46 52 73
13002,
13003,132 133 134
13004,
13005,3 6 124
13006,
13007,387
13008,112
13009,
13010,
13011,4 5 10 70 124
13012,
13013,131 322 324
13014,
13015,131 264 321
13016,
13017,68
13018,127 132
13019,6 58 63 124 316 322 345 357
13020,2 3 61 133 322
13021,2 70
13022,
13023,
13024,4 49
13025,
13026,
13027,76
13028,70 161 180
13029,153 156 160 161 162 165 172 175 179 180 181 188
13030,10 152 153 160 161 165 166 168 169 172 323
13031,108 112
13032,11 68 152 157 158 162
13033,62 125 127 128 129 133 259
13034,
13035,
13036,126 127 325
13037,46 62
13038,
13039,46
13040,11 67 73
13041,11
13042,172 175
13043,4 49 345
13044,124
13045,7 157
13046,
13047,
13048,125 126 136 313 314
13049,4 49 104 330
13050,49 104 132
13051,315
13052,
13053,
13054,153 166 171 175 179
13055,53 58 62
13056,45
13057,
13058,112
13059,131 330
13060,5 124 125 131 133 137
13061,104 112 118
13062,6 44 49 56 66
13063,46 48 58 65
13064,11 48 56 58 61 74 137 324
13065,3 46 56 70 74 153 157 161 169 171
13066,
13067,126 258 263 264 323
13068,
13069,322 324 339 345
13070,
13071,
13072,114 120
13073,
13074,
13075,387
13076,
13077,10 16 53 61
13078,52 166 169 171
13079,169 172
13080,
13081,
13082,
13083,
13084,
13085,
13086,101
13087,101
13088,
13089,49 158 166
13090,
13091,77 96 98 99 318 344 352
13092,21
13093,
13094,
13095,61 124 125 128 133 137
13096,132
13097,132
13098,44 53 63 204
13099,49
13100,3
13101,3 15 17 21
13102,15 17 19 21 28
13103,152 157 159
13104,7 46 49 53 151 160
13105,56 62 65 66 345
13106,264
13107,44 49
13108,46 52 68
13109,134
13110,323
13111,1 3 70 315 345
13112,1 49
13113,63 70 314
13114,3 49
13115,25
13116,206
13117,289
13118,
13119,
13120,
13121,
13122,256 330
13123,5 52 68 70
13124,44 68 70 151 158 162
13125,256
13126,4 5 44 46 49
13127,
13128,5 44 67 68 70
13129,256
13130,323
13131,143 145 264
13132,
13133,
13134,46 53
13135,
13136,339
13137,76 256
13138,
13139,
13140,3 70
13141,
13142,3 61
13143,315
13144,15 17 21 22
13145,3 6 9 10 15 21 22 44 104
13146,
13147,171 175
13148,112
13149,5 63 70
13150,128 345
13151,152 153 158 159 160 161 162 163 164 165 166 168 169 171 172 175 179 180 205
13152,
13153,335
13154,3 49 62 124 127 357
13155,2 61 131 132
13156,46 49 62 124 316
13157,345 358
13158,44 61 137 322 345 357
13159,112 118
13160,5 61 104 124 131 314 324 345
13161,322 324
13162,2 321
13163,314 317 321 339 357
13164,313 339
13165,
13166,2 10
13167,264 339 357
13168,
13169,
13170,
13171,49 166 173
13172,
13173,108
13174,176 178 195
13175,65 66 94 325 335 345
13176,
13177,61
13178,6 7 11 67 68
13179,129 137
13180,7 138
13181,169 172 187 188 190 192 194 196 199 200 202 205
13182,134
13183,
13184,
13185,7 11 263
13186,
13187,153 180
13188,
13189,315 316 322
13190,62
13191,62
13192,
13193,62 65 66 71 74 321
13194,169 172 180 181 184 186 188 192 194 199 200 201
13195,
13196,78
13197,
13198,
13199,
13200,108
13201,125 127 138 258
13202,
13203,11 44 46 90
13204,53
13205,5 7 11 68 138 321
13206,7
13207,134 314 317
13208,24 61
13209,
13210,62
13211,62 65 124
13212,70 128
13213,128
13214,260
13215,386
13216,169 181 187 188 190 192 194 196 198 199 200 201 202 203
13217,2 10 53 62
13218,2 5 10 16 53
13219,53 62
13220,256
13221,
13222,
13223,
13224,
13225,
13226,152 153 157 158 159 161 164 165 166 169 171 175 177
13227,5 46 49 52 61
13228,4 49 53 68
13229,162
13230,63
13231,123 124 133
13232,3 6 46 70 108
13233,44 49
13234,11 68 124 137 322
13235,44
13236,129
13237,
13238,323
13239,4 6 46 49 52 61 76
13240,68 152 157 158 159 160 162 163 164 166 169 171 174 175 177
13241,18 20 23 24
13242,4 23 24 44
13243,18 20 23 24 70
13244,18 23 24 49
13245,316
13246,4 6 18 23 24 315 316
13247,53 70
13248,18 23 24 316
13249,151 153 179 180
13250,18 20 23 24
13251,325 335
13252,131 330 345
13253,
13254,
13255,7 55 62 67 68 125 128 129 133 134 137 138 263
13256,62 127 128 129 130 137
13257,65 66 68
13258,
13259,67 256
13260,70 176
13261,6 7 55 104 121 263 264 317 321
13262,121 151 154 157 158 160 162 163 165 166 168 317 321
13263,6 9 121 263 264 314 317 321 339
13264,5 9 70 264 314 321
13265,9 11 121 263 317 321 338 339
13266,63 104 121 131 263 264 314 317 321 330
13267,
13268,6 7 11 52 68 138
13269,7 11 68 69 151 157 158 159 160 161 162 163 164 165 166 177 321
13270,5 11 52 67 68
13271,4 11 44 46 49 62 67
13272,11 66 152
13273,
13274,66
13275,44 48 74
13276,
13277,10 16 48 65 66 74 322
13278,48 56 65 66 71 74
13279,
13280,
13281,112 118
13282,5 70
13283,49 131 322
13284,66 68
13285,134 258
13286,108
13287,
13288,46 49 158
13289,
13290,49
13291,46 151
13292,49
13293,46 70
13294,45 63
13295,52 68 152 157
13296,
13297,133
13298,124 127 128 133 258
13299,
13300,
13301,10 27 356 358 360
13302,
13303,
13304,5 151 158
13305,4 5 46 61
13306,
13307,313
13308,11 68
13309,5 46 67
13310,67
13311,7
13312,
13313,3 49
13314,313
13315,5 62 68 70
13316,4 5 70
13317,7 68 69 157 159 163 177
13318,61 123
13319,61
13320,152 157
13321,52
13322,
13323,108
13324,6 124 127 131 314
13325,11 53 61 68 70
13326,49 345
13327,188
13328,
13329,1 124
13330,
13331,
13332,53 175
13333,44 46
13334,131 151 325 335
13335,330
13336,128 256
13337,
13338,108
13339,49 69 73 152 158 160 163
13340,
13341,
13342,6 61 123 128 132
13343,11 124 127 322
13344,112 260
13345,10 16 358
13346,
13347,67 152 157 159
13348,125 127 128 133 134 137 138
13349,
13350,
13351,
13352,
13353,
13354,112 260
13355,129 137 138
13356,
13357,
13358,
13359,6 55 67 68 69 157 158
13360,67 68 69 70
13361,
13362,3 5 53 63 70 317
13363,5 61
13364,49 317
13365,5 49 53 61
13366,46 52 76
13367,4 46 49 52
13368,6 53 70
13369,52 170
13370,46 49 52
13371,
13372,62 317
13373,11 70
13374,76 170
13375,5 44 53 62
13376,5 44 62 63 70
13377,46 62 70 314 317
13378,11 52 62
13379,53 317
13380,52 69 151 153 157 158 159 160 161 162 166 169 171 173 175
13381,
13382,3 6 44 46 62
13383,5 44 53 61 63 70
13384,46 62 76
13385,3 5 44 46 70
13386,153 158 160 163 165 166 174
13387,133 137
13388,
13389,44
13390,134 256
13391,112 256
13392,125 137
13393,
13394,44 53 70 157
13395,6 7 52 55 61 63 73
13396,
13397,61 134 264 315 317
13398,6 55 58 61 62 66 104 121 134 264 315 316 317 321 323
13399,5 9 10 62 121 317 321 323 339
13400,55 73 152 157 159 160 162 163 165 174 317 321
13401,112 118
13402,323
13403,53 61 124 314 316 322
13404,52 131 134 324 330
13405,61
13406,
13407,
13408,7 11
13409,256
13410,
13411,166 174 178 182 183 185 189 195
13412,263
13413,
13414,
13415,4 5 10 63 131 314 316 322 330
13416,314 322 324 345
13417,
13418,17 358
13419,10 16 19 322 324 345 357 358
13420,
13421,10 315 322 324 358
13422,331
13423,
13424,44 46 151
13425,52
13426,159
13427,69 73 151 157 158 159 160 162 163
13428,16 137 357
13429,96 98 99 344
13430,256
13431,
13432,6 53
13433,
13434,153 160 166 168 169 171 172 175 179 180 181 184 186 188 192 194 196 199 200 201 205
13435,
13436,14 15 17 19 21 22
13437,1 9 12 14 15 17 19 21 22 358
13438,12 14 15 17 19 21 22
13439,15 17 19 21 22
13440,
13441,14 15 17 19 21 22
13442,1 9 12 14 15 17 19 21 22 358
13443,67 125 128 133 330
13444,151 157
13445,44 151 158 159
13446,
13447,63 66 131 132 137 138 314 322 324 345 357
13448,55 56 58 65 66 151 157 162 169
13449,
13450,133
13451,
13452,
13453,56 74
13454,124 131 314 330
13455,
13456,145
13457,121 125 126 264
13458,61
13459,11 152 158 163
13460,
13461,44 158 160
13462,
13463,189
13464,263
13465,123 124 127
13466,61 69
13467,112
13468,
13469,321 323 357
13470,134 315 317
13471,49
13472,321 323 357
13473,
13474,134 323
13475,
13476,315 321 323
13477,
13478,70 134 314
13479,
13480,
13481,
13482,153 166 171 175
13483,
13484,5 44 49 53 55 63
13485,
13486,
13487,3
13488,187 194 197 199 200
13489,
13490,3 6 52 152
13491,158
13492,62 70
13493,
13494,
13495,55 56 58 61 66 131 133
13496,44 46 56 58 66 132
13497,260
13498,
13499,
13500,19
13501,46
13502,76 125
13503,52 53
13504,123
13505,166 170 175
13506,
13507,132 133 256
13508,69 152 153 157 159 161 162 163 164 168 171
13509,6 11 49 53 67 68 124
13510,132 256
13511,
13512,121 123 125 126 127 128 129 133 134 258 259 264
13513,126 138
13514,330
13515,
13516,132
13517,61 127 128 129 132 133
13518,3 70
13519,
13520,
13521,62 125 127 258
13522,
13523,330
13524,134 317 321 345
13525,3 44 132 133 138
13526,11 68
13527,
13528,44 137
13529,7
13530,
13531,
13532,
13533,138 264
13534,69 157 159
13535,
13536,114
13537,
13538,
13539,108 112 118 260
13540,9 14 19 21 22 65
13541,68
13542,132
13543,127 132 258
13544,125 127 128 133 134
13545,
13546,124 133 137 138 256
13547,17 21 22
13548,124 125
13549,127 131
13550,65 66
13551,55 56 57
13552,54 55 56 66 131
13553,56 58 66
13554,286 287
13555,104
13556,104
13557,49 315
13558,387
13559,387
13560,387
13561,387
13562,387
13563,387
13564,387
13565,387
13566,387
13567,
13568,104 317
13569,
13570,
13571,
13572,103 112 256
13573,4 14
13574,264 317
13575,17
13576,
13577,
13578,1 3 49 61 315
13579,63
13580,
13581,108
13582,7 11 63 68
13583,61 68 78 128 330
13584,345
13585,48 56 65 66 74 129 133 330 345
13586,54 57 59 64 72 81
13587,
13588,158 166 317
13589,
13590,2 70 151
13591,256
13592,
13593,
13594,
13595,
13596,48 56 66 74
13597,
13598,108
13599,56 65 153 156 157 159 160 161 162 163 164 165 166 168 169 171 172 175 181 188 205
13600,2 17 21 22
13601,
13602,4 5 63 70
13603,
13604,61 104 125 128
13605,
13606,
13607,49
13608,
13609,
13610,127 128
13611,160 169 172 178 181 183 187 188 189 190 196 200 201 202 203
13612,10 62 121 123 124 125 127 128 129 131 133 263 322
13613,256
13614,45 63 104 330
13615,74
13616,78
13617,
13618,45 63 316 330
13619,48 58 65 71 74
13620,45 63
13621,2 3 10 16 25
13622,112 118
13623,61 124 131 134 316 317 330 345
13624,125 128 129 133 134 322 324 330 345 357
13625,
13626,
13627,56 65 66
13628,125 129 132 134
13629,112
13630,
13631,134
13632,
13633,151 153 156 158 161 165 166 168 173 175 178 179
13634,
13635,387
13636,387
13637,45 63 70 104
13638,
13639,45 63
13640,387
13641,112 118
13642,
13643,
13644,69 151 158
13645,112
13646,125 133
13647,124 125 128 133 134
13648,
13649,53
13650,125
13651,
13652,74
13653,
13654,48 56 63 65 66 71 74 345
13655,
13656,138
13657,
13658,
13659,7 55 56 66 67
13660,112
13661,44
13662,123 125 127 128 129 131 132 133 134
13663,124 314 316 317 322 324 330 336 345
13664,6 46 55 58 61 66
13665,5 48 56 66 74
13666,
13667,122
13668,45 63 70
13669,63 70
13670,44 45 63 70
13671,7 11 68
13672,3 6 44 45 63 70 78
13673,63 70
13674,45 63 70 78
13675,
13676,
13677,
13678,
13679,55 65 66
13680,112 256
13681,68 163
13682,174
13683,
13684,
13685,
13686,
13687,48 50 55 56 63 65 66 71 74
13688,48 55 56 65 66 74 131 151 153 156 157 158 160 161 162 165 321
13689,48 50 55 65 66 71 74
13690,
13691,
13692,
13693,345
13694,105
13695,
13696,
13697,313
13698,11 49 52 61 315
13699,108
13700,
13701,128
13702,5 46 70
13703,123 127 204
13704,153 161
13705,65
13706,387
13707,387
13708,9 10 55 56 66 74 358
13709,
13710,169 172 189 196 199 202 205
13711,264 322 324 330
13712,17 49 324 358
13713,112 118 256
13714,
13715,258
13716,137
13717,
13718,11 46 52 70
13719,11 44 67 315
13720,131 151 158 159 160 161 162 169 324
13721,159
13722,
13723,7 138
13724,112 256
13725,124 137 138
13726,129 131 138
13727,
13728,7 66 127 131
13729,11 52 53 68
13730,67
13731,7 67
13732,
13733,
13734,
13735,44 46 62 73
13736,152
13737,108
13738,256
13739,
13740,
13741,63
13742,
13743,63
13744,
13745,
13746,
13747,7 63
13748,63
13749,11
13750,125
13751,
13752,10 16 356 359 360
13753,
13754,
13755,65
13756,11
13757,387
13758,48 50 65 74
13759,
13760,158 161
13761,112 260
13762,
13763,158 163
13764,3 6 53 69 73 151 157 159 160 162 172
13765,264
13766,
13767,
13768,125
13769,153 156 157 159 161 164 165 171 172 175 177
13770,131 314
13771,
13772,124
13773,3 24 46 61
13774,
13775,3 5 70
13776,
13777,123 128 256
13778,3 6 7 69
13779,
13780,
13781,67 68 159
13782,1 5 10 17
13783,
13784,
13785,49 61
13786,
13787,11 61 263 317 339
13788,5 49 52 53 61
13789,176 182 189 193 195
13790,
13791,4 6 52 61 314
13792,
13793,4 62 63 124 314
13794,108
13795,52 67
13796,61 313
13797,
13798,
13799,
13800,5 73 357
13801,5 67 68 69 70
13802,158 159 174 177
13803,53 61
13804,5 61 69 73
13805,
13806,122
13807,55 56 63
13808,127
13809,55 138 315 316 317
13810,11 61
13811,7 11 61
13812,
13813,322
13814,387
13815,48 56 66 74
13816,5 63 104 124 314 316 322 324 330 345
13817,9 12 14 15 17 19 21 22 322
13818,9 61
13819,6 53 55 58 62 65 104 315 316 345
13820,5 48 58 61 63 66 74 104 345
13821,
13822,11 44 53 68
13823,
13824,7
13825,158 163
13826,7 11 68
13827,44 49
13828,62 121 134 263 315 321 339
13829,
13830,
13831,121 123 125 128 131 133 134 263 316 322 324 330 339 345
13832,10 62 121 131 263 314 322 330 339
13833,133 134 263 315 316 322 324 330 339 345
13834,11 62 73
13835,
13836,7 11 62
13837,7 11 62
13838,49 53 62
13839,176 318
13840,3 5 46 61
13841,5 7 68 123 124 131 133 134 136 314 323
13842,
13843,
13844,3
13845,
13846,
13847,70 386
13848,
13849,322
13850,
13851,7 73 152 157
13852,
13853,10 157 158 159 160 165 166 168 321 323 339
13854,104 124 316 317 330 345
13855,317 321 345
13856,5 62 63 104 317 321 330 345
13857,324 345
13858,
13859,
13860,16 125 131 133 357
13861,
13862,138 322
13863,125 129 130 137 138
13864,
13865,260
13866,1 17 21 358
13867,322 324 357 358
13868,3 5 46 53 70
13869,5 53
13870,44 49 63
13871,44 61 132 172 184 187
13872,125 129
13873,49 52 61 314
13874,5 52
13875,5 44 52 63
13876,3 61 132
13877,3 49 61 132 315
13878,49 52
13879,112 118
13880,55 58 70 313 321
13881,69 73 152 158 159 160 162 163 174
13882,127 129 137
13883,134 314 317
13884,46 52 68
13885,4 46 66 161 165
13886,
13887,157 159
13888,
13889,125 126 133 138
13890,7 11 68
13891,7 67
13892,158
13893,134
13894,126 138
13895,
13896,
13897,
13898,260
13899,61
13900,260
13901,328 334
13902,11 55 58 68 70 151 157 158 159 162
13903,123 128 131 315 316 322 324 330 345
13904,322 324 330
13905,
13906,
13907,
13908,56 63 65 66 74 131 330 345
13909,157 159
13910,11 55 63 69 73
13911,129 164 166 175 176 178 182 185 189
13912,
13913,3 104 345
13914,
13915,152
13916,11 153 157 159 161 163 164 165 166 168 171 173 174 175 177
13917,52
13918,5 11 49 62
13919,
13920,46 52
13921,
13922,68
13923,53
13924,7 44 55 68 70 152 157
13925,283 291 293 296 299
13926,
13927,
13928,
13929,
13930,
13931,1 17 19 21 25 28
13932,
13933,17 21
13934,66 94 131 325 335
13935,126
13936,256
13937,23 60 88 96 331
13938,
13939,158 163 166
13940,54 57 72 81
13941,
13942,17 21 25
13943,112
13944,
13945,7 11 68 123 128 131 134 137 138 264 317 323
13946,112 118
13947,
13948,
13949,124 128 133
13950,6 52 69 151 158 162
13951,
13952,143
13953,65
13954,
13955,121 125 127 128 129 133 258 259
13956,256
13957,125 127
13958,52 73
13959,
13960,56 65 66 330
13961,69 73 151 157 158 159 160 162 163
13962,
13963,58
13964,66
13965,65 66 316
13966,49 66
13967,
13968,
13969,68
13970,124
13971,316
13972,48
13973,48 55 56 66
13974,44 48 55 56 58 63 65 66
13975,
13976,
13977,345
13978,
13979,
13980,11 68
13981,
13982,67 68 73 152 157 158
13983,176 195
13984,315 335
13985,48 156 161 171
13986,48 65 74
13987,
13988,
13989,49 66 81
13990,3 55 56 66 81
13991,169 180
13992,3 55 56 58 65 66 74
13993,2 66 81
13994,49 55 57 66 81
13995,62 131 324 330 345
13996,322 324 330 345
13997,3 56 57 58 70 72
13998,
13999,169
14000,1 10 16 48 66 124 128 320 330
14001,256
14002,62 129 137
14003,48 56 65 66 74 128 330 345
14004,48 56 65 66 72 74 129 330 345
14005,54 57 72 81
14006,
14007,3 315 345
14008,153 179
14009,125
14010,
14011,
14012,101
14013,101 386
14014,
14015,
14016,7 55 67 69 73 151 152 157 158 160 162 163 258 317 321
14017,61 314
14018,
14019,131 132 314
14020,
14021,7 52 68
14022,52
14023,7
14024,7 68
14025,70 128 204
14026,172
14027,3 132
14028,122
14029,132
14030,
14031,45 63 104
14032,4
14033,49 330
14034,3
14035,137 324
14036,
14037,157
14038,69 73 152 157 158 159 160 162 163
14039,
14040,4 46 76
14041,
14042,123 128
14043,129 133 137 264 316 322
14044,138
14045,
14046,4
14047,49 317
14048,264
14049,
14050,4 314
14051,11 67 137 339
14052,339
14053,263
14054,158 165
14055,
14056,
14057,69 73 151 152 157 158 159 160 162 163 165 174 177
14058,
14059,
14060,314 323
14061,49
14062,315 330
14063,68 123 128 138 324 330
14064,108
14065,6 49
14066,
14067,46 49 53 151
14068,
14069,
14070,161 175
14071,345
14072,128 129 330
14073,57 65
14074,48 56 58 65 74 345
14075,48 55 56 65 66 74 330
14076,17 28
14077,17 28
14078,17 25
14079,17 25
14080,17 25 28
14081,17 25 28
14082,17 25
14083,169 172 188 199 200 205
14084,104
14085,151
14086,
14087,256
14088,67 256
14089,
14090,256
14091,7
14092,
14093,46 70 151 169
14094,
14095,263
14096,67 152 153 154 156 157 158 159 160 161 162 163 164 165 166 168 169 171 172 174 175 177 180
14097,
14098,
14099,
14100,
14101,
14102,
14103,62 125 127 128 131 133 314
14104,124 131 133 325 330
14105,48 50 61 62 71 74
14106,6 44 49 58 61 62 63 104
14107,48 50 62 65 71 74
14108,71
14109,112
14110,65 153 156 161 164 165 168 169 171 172 175 180
14111,129 138
14112,138
14113,
14114,
14115,260
14116,
14117,127
14118,125
14119,56 65 66 122 125 127 128 129 130 131 133 330
14120,122 129 130 132
14121,123 130 133
14122,112 118
14123,
14124,
14125,153 156 161 165 168 178
14126,44 51 58 61 63
14127,178
14128,46
14129,123 204
14130,
14131,
14132,63
14133,256
14134,
14135,264 386
14136,264 386
14137,187
14138,386
14139,264
14140,264
14141,
14142,56 57 63 65 66 72
14143,16 17 19 21 62
14144,112
14145,7 68 129 138
14146,263
14147,3 132 138 316 322 345 357
14148,
14149,345
14150,
14151,325 335
14152,18 23 24
14153,46 313
14154,5 70 108
14155,9 61 104
14156,3 49
14157,104
14158,
14159,
14160,52
14161,
14162,112
14163,153 156 160 161 164 166 168 169 171 172 175 179 180 181 188 205
14164,
14165,264
14166,138
14167,71
14168,
14169,7 50 55 71
14170,
14171,7
14172,153 156 161 163 164 166 168 171 172 175 179 180
14173,153 156 165 168
14174,46
14175,50 71
14176,50 71
14177,121
14178,50 71
14179,138
14180,6 11 67
14181,6 7 52 159 166 171
14182,
14183,125 126
14184,
14185,3 125 134
14186,70 78
14187,53
14188,3 70 123 134
14189,3 70
14190,44 317
14191,134
14192,165 176 181 183 187 190
14193,
14194,3 76 124
14195,46
14196,314
14197,131 314
14198,46 52
14199,56
14200,66
14201,58
14202,356 360
14203,
14204,
14205,
14206,
14207,256
14208,68 314
14209,
14210,123
14211,
14212,
14213,
14214,
14215,
14216,
14217,48 50 58 65 71 74
14218,10 48 50 56 65 66 71 74
14219,48 74
14220,48 58 62 63 65 66 71 74
14221,10 138 358
14222,
14223,4 5 45 63 314 317 321
14224,3 70
14225,76 317
14226,
14227,4 5 46 70
14228,
14229,169 172 188 194 199 202
14230,264
14231,45 63 78 121 132 264 339
14232,62 122 126 129 130
14233,275
14234,44 53 151
14235,
14236,
14237,
14238,
14239,153 176 178 325
14240,
14241,
14242,68 138
14243,183 195
14244,61
14245,134
14246,
14247,56 58 65
14248,14 17 19 21 22
14249,9 10 14 317
14250,1 9 12 14 15 17 19 21 22 358
14251,9 10 12 14 121 263 315 317 321 323 357
14252,
14253,9 12 14 15 17 19 21 22
14254,153 156 161 165 171 175 179 180
14255,121 134 264 317 321
14256,
14257,134 263 317 339
14258,263 321 339
14259,126
14260,62 125 126
14261,108 259
14262,44 67 152 157 158 159
14263,121 123 128 129 132 133 134 136 316
14264,
14265,124 331
14266,256
14267,151 153 156 160 161 162 164 165 166 168 169 171 172 175 179
14268,
14269,
14270,45 63 78 322
14271,
14272,45 63 78
14273,153 156 160 161 162 164 165 175
14274,45 63 78
14275,52 152 157 169
14276,124
14277,134 315 316 317
14278,
14279,1 17 21 25 358 359
14280,96 318
14281,
14282,
14283,314
14284,
14285,62 314 323
14286,171 175 176 178 183 189 193 195
14287,61 123 256
14288,358
14289,
14290,68 127 130
14291,174 176 178 182 183 185 189 193 195
14292,10 55 56 65 66 74 131 133 322 330
14293,123 128 133 136
14294,18 23 24
14295,
14296,67 124 125 133 314
14297,287
14298,54 57 64 122
14299,129 137
14300,103 112 118 260
14301,11 66 73 152 157 158 159 162
14302,6 12 15 17 104 131 132 357
14303,3 161 169 184
14304,5 10 12 15 17 19 61 315 316 322 324 357
14305,9 12 14 15 17 19 21 22
14306,6 9 10 12 14 15 17 19 21 22 62 104 124 131 358
14307,108 112
14308,7 44 138 322
14309,
14310,134 317
14311,
14312,
14313,46 49
14314,49 53
14315,
14316,290 291 293 298 299
14317,
14318,6 44 46
14319,323
14320,258 263
14321,128
14322,152 157 159 162 164
14323,3 44 49 53
14324,
14325,
14326,
14327,138 322
14328,12
14329,
14330,
14331,138
14332,137
14333,131 330 345
14334,256
14335,6 324 339
14336,
14337,
14338,112
14339,153 156 161 164 169 171 175 179
14340,11 65 66
14341,
14342,62 123 133 259
14343,62 132 133 259
14344,125 127 128 133
14345,27 330 358 360
14346,
14347,137 330
14348,4 6 52 53
14349,46 53 62 70
14350,
14351,131
14352,131 316 324 330 345
14353,137
14354,7 68 138 324
14355,313
14356,21
14357,
14358,264
14359,68 71 138
14360,71
14361,
14362,
14363,172
14364,133
14365,
14366,53 67
14367,49 67 158 159 163
14368,
14369,67 123 137 324 330
14370,
14371,
14372,314
14373,314
14374,
14375,
14376,131
14377,114 120
14378,126 136 138 258 264
14379,
14380,
14381,123 128 134
14382,7 69 151 158 162 163
14383,112 118
14384,126 313 323
14385,126 323
14386,
14387,134
14388,352
14389,313
14390,
14391,96 352
14392,
14393,314
14394,387
14395,1 21 124 345
14396,
14397,2 70 324 345 357
14398,3 44
14399,
14400,108
14401,124 133 137
14402,6 7 11 68
14403,67 152 157
14404,
14405,
14406,17 28
14407,6 70 125 320 357
14408,
14409,
14410,15 17 19 28
14411,1 15 17 19 28
14412,1 6 17 46 49 132 315 321
14413,11 44 68 123 126 138 158 323
14414,
14415,56 67 68 151 157 162
14416,44 53
14417,44
14418,
14419,96 98 99 344 348 352
14420,104
14421,3 61
14422,9
14423,70
14424,70
14425,323
14426,112
14427,7 67
14428,159
14429,
14430,339
14431,121 263 321 339
14432,
14433,4 44 62 63 70 313 314 321
14434,121 263 315 317 321 339
14435,
14436,56 57 72
14437,61 73 127 128 129 133
14438,
14439,5 55 62 63 69 121 258 263 321 339
14440,3 5 46 53 70
14441,
14442,339
14443,322 330
14444,
14445,
14446,56
14447,5 52
14448,158 160 172
14449,108 112
14450,52 76
14451,215
14452,112 260
14453,125 127 258
14454,52 62
14455,3 56 74
14456,
14457,
14458,
14459,4 48 56 62 74
14460,
14461,44 49 53 61 66 124 315
14462,151 161 162 169
14463,321
14464,
14465,169 172 205
14466,136 137 138
14467,61 124 204
14468,44 53 56 62 70 74 204
14469,48 61 71 74
14470,112
14471,
14472,169 172
14473,
14474,
14475,345
14476,9
14477,316 345
14478,330 345 357
14479,12 48 71 74
14480,1 9 10 16 317 330 345
14481,6 9 48 50 55 58 61 62 63 65 66 71 74 104 316 317 345
14482,5 46 53 58 61 70 108 345
14483,127 130 132 335 356 357
14484,2 4 5 66 130 133
14485,1 172 181 187 198 202 203
14486,130
14487,49 62
14488,18
14489,
14490,
14491,11 131 137 138 322
14492,153 156 157 159 161 164 165 171 175 177
14493,11 44 62 67
14494,44 123
14495,11 44 67 158 163 165 166 175
14496,
14497,11 128 138 316 322
14498,137 138
14499,21
14500,16 17 357 358
14501,16 17 356 358 359
14502,
14503,
14504,
14505,6 12 61 104 316 322 345 357
14506,4 5 104 317
14507,
14508,6 12 58 61 104 316 322 345 357
14509,104 345
14510,10 16 27 315 358
14511,46 53 70
14512,77 318 335 358
14513,46
14514,112 118
14515,387
14516,3 104
14517,387
14518,345
14519,1 2 17 21
14520,
14521,
14522,
14523,169 181 187 192 194 196 198 199 201
14524,
14525,52 152 160 163 169 172
14526,65 66 69 153 156 157 158 159 160 161 162 163 164 165 166 168 169 171 172
14527,
14528,3 70
14529,
14530,132 133
14531,55 58 65
14532,65 153 156 161 162 164 165 166 168 169 171 172 175 180
14533,
14534,61 70 123 127
14535,
14536,127
14537,
14538,
14539,11 67 69 73 152 157 158 159 162 163
14540,165 176
14541,127 136 138 264
14542,2 14 15 17 19 21 22
14543,270 277 279 287 295
14544,17 21 25
14545,15 17 19 21 22 28
14546,46 187 199 200 202
14547,1 2 10 16 17 19 21 27 315 320 356 358 359
14548,123 126
14549,126 130
14550,123 313
14551,
14552,55 56 65 66
14553,263
14554,77 335
14555,314
14556,124 314
14557,
14558,2 358
14559,11 67 151 157 158
14560,
14561,123 124 127 128 129 130 133
14562,61 128
14563,286 287
14564,126 129 138 258
14565,11 46 52
14566,
14567,9 24 330
14568,5 6 58 61 62 66 104 124 315 316 322 345
14569,24
14570,132 322
14571,153 160 161 163 164 171 175 176
14572,
14573,65 153 156 160 161 162 165 166 169 172 180 181 188 196 201 205
14574,55 56 57 58 65 66 72
14575,108
14576,45
14577,45
14578,45 51 63
14579,12
14580,49
14581,70
14582,123 124 133
14583,
14584,65
14585,72
14586,55 56 66 68 151 157 158
14587,65 66 153 156 161 162 164 165 166 169 171 172 175 180
14588,131
14589,125 132
14590,52 73 159 169
14591,
14592,127 138
14593,
14594,4 65 66 128
14595,62 66 74
14596,56 62 66 70 74
14597,
14598,63 104 121 124 263 316 330 345
14599,63 330
14600,45 51 63 78 330
14601,
14602,45 51 63 78 330 339
14603,45
14604,133 259 315 335
14605,143 263
14606,143 263
14607,3 7 62 70 125 126 357
14608,62 132 133
14609,66 94 325 335 357
14610,56 58 63 66 357
14611,5 55 56 58 63 70
14612,
14613,68
14614,66 153 158 162 163 164 165 166 169 171
14615,66 131 323
14616,
14617,112
14618,
14619,7 68
14620,132
14621,128 137
14622,
14623,
14624,
14625,
14626,
14627,
14628,
14629,
14630,
14631,
14632,
14633,122 125 127 132 133
14634,6 124 131 133 314 322
14635,
14636,49 151 166 313
14637,61
14638,49 61 131 313
14639,5
14640,3
14641,65
14642,
14643,
14644,
14645,65 66 67 152 153 157 158 160 163 164 165 166 317
14646,
14647,169 172 187 188 192 194 196 197 198 199 200 201 202 203
14648,7 11 61 67 68 70 151
14649,52 68 152 158
14650,
14651,128
14652,
14653,
14654,
14655,
14656,
14657,
14658,
14659,286 287 300
14660,
14661,96 98
14662,
14663,
14664,
14665,313
14666,313
14667,5 70 108
14668,
14669,46 70 161 314
14670,52 70
14671,62 345
14672,137
14673,
14674,324 330
14675,3 70 345
14676,125
14677,228
14678,6 61 134 317
14679,
14680,313 314 321 323
14681,3
14682,112 118
14683,127 314
14684,112 118
14685,61
14686,7 11
14687,6 7
14688,
14689,166 174 176 178 182 185 189 193 195
14690,
14691,121 126 127 134 136 137 138 264
14692,126 138 145 264
14693,112
14694,7 67 138
14695,
14696,204
14697,153 161 164 169 171 172 175 179 180 205
14698,153 156 161 171 180
14699,
14700,7 11 258 263 339
14701,
14702,11 68
14703,68 69 152 157 158 160 163
14704,125 126 127
14705,112 256
14706,
14707,44 53 70
14708,153 156 161 166 168 171 174 175 179 180
14709,256 264
14710,6 53 61 67
14711,54
14712,5 58 65 66 128 131
14713,256
14714,165 176 325 335
14715,7
14716,
14717,
14718,112 118
14719,
14720,4 65 66 131
14721,
14722,4 18 23 49 66
14723,
14724,3 46 58 70 151
14725,
14726,18 23 24
14727,61 122 124 125 128 130 133 137
14728,123 124 133 137 138
14729,
14730,
14731,94 325
14732,67 315
14733,122 127 128 129 130 133 316
14734,127 133 316
14735,125 127 128 129 131 133 134
14736,289
14737,
14738,69 158 159 162
14739,3
14740,123 126 128 129 133 134 136 264
14741,1 10 16 17 21 25 27 358
14742,
14743,2 17 25 356 359
14744,187 188 192 194 199 200
14745,1 17 21 25 27 358
14746,3 134 317
14747,323
14748,
14749,52
14750,61 122 125 126 127 128 132 133 134 136 258
14751,112 118
14752,45
14753,5 49 104
14754,
14755,6 49 317
14756,9 330
14757,61 138 263 317
14758,5 51 52 62 63 330
14759,6 53 55 61 62 63 316 317
14760,138 264 330 339
14761,5 9 61 62 121 317
14762,316 322 324
14763,
14764,
14765,123 125 126 127 128 133 134 258 259
14766,
14767,159
14768,
14769,
14770,139
14771,
14772,67 339
14773,134 152 317
14774,
14775,
14776,
14777,16 17 21 25 27 356 359 360
14778,
14779,5 61 123 124 128 129 131 133 136
14780,153 156 158 160 161 162 164 165 166 168 169 171 172 175 177 180
14781,61 68 70 124 127
14782,
14783,56 386
14784,
14785,
14786,
14787,104
14788,
14789,330
14790,
14791,260
14792,
14793,
14794,4 5 58 63
14795,4
14796,161
14797,
14798,
14799,
14800,124 125 127
14801,256
14802,
14803,73 152 157 158 162
14804,73
14805,
14806,2 122 130 356 359
14807,122 130
14808,122 356
14809,
14810,2
14811,46 49 386
14812,
14813,
14814,5
14815,
14816,
14817,169 171 175
14818,3 44
14819,260
14820,49 158 159 163
14821,44 70
14822,63
14823,315
14824,
14825,
14826,68 126 137 138 145 264
14827,104
14828,68
14829,
14830,4 6 44 55 58 63
14831,94 325
14832,56 66 81
14833,49 56 66
14834,
14835,
14836,5 62 133 316
14837,128 259 345
14838,
14839,130 133
14840,
14841,185
14842,6 44 46 62 67
14843,46 49
14844,
14845,
14846,123 126
14847,
14848,
14849,
14850,157 158
14851,112 256
14852,125 127
14853,125 138
14854,
14855,66
14856,55 56 57 66
14857,5 58 63 66
14858,2 66
14859,
14860,1 2
14861,1 330
14862,1 345
14863,
14864,169 181 188 199
14865,
14866,
14867,62 125 133 138
14868,
14869,
14870,27 356 359 360
14871,
14872,114
14873,345
14874,
14875,
14876,
14877,
14878,77 132 318
14879,123 133 316 322 345
14880,4 127 128 131 314
14881,49
14882,124 161 178
14883,
14884,4 6 316
14885,
14886,55 62 63 65 66
14887,258 263
14888,263
14889,258 263
14890,159
14891,11 67 68 70
14892,10
14893,
14894,70 108 151
14895,17 45
14896,17 19
14897,
14898,
14899,128 138
14900,131 330
14901,
14902,134
14903,46
14904,
14905,49
14906,
14907,53 256
14908,11
14909,44
14910,70
14911,48 56 74
14912,
14913,123 133 259
14914,
14915,176 178 182 185 193 195
14916,
14917,
14918,
14919,
14920,
14921,
14922,
14923,128
14924,53
14925,6 46 52
14926,
14927,7 151
14928,123 124 125 128 133
14929,137 138
14930,
14931,11 264 323
14932,53
14933,151 157 164 166 171 175
14934,135 139
14935,139
14936,152
14937,11 264 315 330
14938,70 264
14939,330
14940,11 138 264 315 339
14941,152 153 156 157 160 161 163 164 165 166 169 171 174 175 179 181
14942,4
14943,138 330
14944,
14945,125
14946,256
14947,67 68 137 138 264 315 321
14948,
14949,2 10 16 17 358
14950,125 128 330
14951,129 345
14952,65 66 74 128 133
14953,108
14954,4 358 359
14955,138
14956,125 128 133 138
14957,112
14958,143
14959,54 57 61 81 128
14960,62 68 121 123 126 128 132 134 136 137 138 264 323 357
14961,
14962,
14963,3 61 131 314 322
14964,3 6 315
14965,
14966,3 46 124 315 316 322
14967,44 322
14968,58 156 157 164 165 179
14969,27 356 358 359 360
14970,
14971,5 58 66 125 138
14972,152 157 162
14973,6 55
14974,
14975,
14976,5
14977,
14978,
14979,
14980,6 55 58 63 69
14981,46
14982,54 72
14983,54 57 64 72
14984,320 356 360
14985,
14986,68 70 151 159 161 162 165 176
14987,108
14988,125 132 133
14989,125 132 133
14990,
14991,
14992,125 256 313
14993,
14994,
14995,4 10 11 55 58 61 62 63 65 66 67 123 124 125 126 127 128 131 133 134 136 316 317 321 323 330 345
14996,68 123 126 132 134 138
14997,68 122 123 125 127 128 130 132 134 137 258 264 323
14998,
14999,
15000,
15001,131 314 323
15002,4 70 124 314
15003,58 62 65 76
15004,48 63 65 66 74
15005,46 49 62 65
15006,
15007,263 386
15008,263
15009,
15010,264
15011,66
15012,2 3
15013,48 58 62 65 66 72 74 132
15014,181 187 188 192 194 196 198 199 201
15015,11
15016,61 324
15017,
15018,166 171
15019,153 165 168 176 179
15020,44 315
15021,5 10 46
15022,126 313
15023,
15024,18
15025,3 6 44 58 61 70
15026,46 49 204
15027,112 118
15028,67 68
15029,126 323
15030,157
15031,
15032,44 158 160 169 172
15033,133
15034,68
15035,112
15036,77 325 331 335
15037,6 7 55 58 61 62 63 73 104 124 134 258 263 264 316 317 321 339 357
15038,6 11 61 121 134 263 264 316 317 339
15039,
15040,124 314
15041,133 137 256
15042,256
15043,125
15044,
15045,77 96 331 352
15046,334
15047,12 14 15 17 19 21 22
15048,12 14 19 22 62 70
15049,3
15050,322 334
15051,54 56 57 72 81 94 325 335
15052,54 56 57 64 72 81
15053,65 72 153 156 161 162 166 169 171 172 175 179 180 188
15054,57 72
15055,
15056,15 17 19 21 22
15057,55 62
15058,5 61 69 73
15059,6 66 73
15060,127 128 129 133
15061,5
15062,286 287 289
15063,4
15064,256
15065,
15066,116
15067,
15068,101 121 128 131 264 330 357 386
15069,
15070,11 124 128 263 264
15071,
15072,66 127 128 129 131 133 330 345
15073,264
15074,44 62 204
15075,7 11 44 46 62 68 70
15076,69 73 152 157 158 160 162 163 169 174 177
15077,112 118
15078,94
15079,5 56 58 63 65 66
15080,5 56 58 63 65 66
15081,5 55 56 58 63 65 66 69 151 158 160 162
15082,
15083,
15084,126
15085,153 156 161 165 166 169 171 175 180
15086,176
15087,
15088,6 44 49 53 63
15089,6 55 63
15090,128 134 136
15091,256
15092,
15093,46 157
15094,
15095,138 143
15096,101
15097,122 130 153 161 169 171 176 178 181 182 183 187 189 193 203 358
15098,206
15099,
15100,68 264 321
15101,152
15102,
15103,
15104,
15105,260
15106,260
15107,260
15108,61 314
15109,
15110,4 61 131 314 321 323
15111,27 356 358 359 360
15112,
15113,264
15114,314
15115,
15116,56 57 66 74
15117,61
15118,6 49 52 62
15119,62
15120,56 66 67 153 158 162 163 164 165 166 171 175 177
15121,7 56 66 68
15122,315
15123,108
15124,9
15125,46 49
15126,7 46
15127,
15128,124
15129,
15130,125
15131,70 314 316
15132,
15133,
15134,
15135,
15136,166 169 171 172 205
15137,
15138,170 175 176 195
15139,
15140,
15141,46 313
15142,56 157 163 166
15143,67 68 70
15144,
15145,3
15146,1
15147,1 17 28
15148,187 190 200 201 202
15149,1 17 28 320 359 360
15150,
15151,9
15152,153 156 157 164 165 175
15153,44 52 62 63 70
15154,52 53 67 68
15155,7 52 68
15156,44 46
15157,1 10 16 21 358
15158,112
15159,52 68
15160,46 52
15161,46 70
15162,152
15163,5 49 52 63
15164,
15165,
15166,58 151 161 162 164 169 172 173
15167,
15168,151 161 162 169 172 176 181 183 187 188 194
15169,126 313 323
15170,
15171,317
15172,
15173,
15174,
15175,65
15176,
15177,11 12 55 62 317 321
15178,3 10
15179,4 10 44 66
15180,
15181,
15182,11 68 69 151 157 158 159 162 163 165 177
15183,7 11 55 61 67 68 69
15184,2 128 269 386
15185,27 122 269 345 356 358
15186,2 27 187 356 358
15187,2 101
15188,2 27 122 269 356 358
15189,2 122 269 356 358
15190,2 356 358
15191,
15192,
15193,
15194,324
15195,
15196,121 126 136 137 138 264
15197,
15198,1 2 345
15199,176
15200,165 166 179
15201,314 321 323
15202,108
15203,11 55 121 263 264 317 339
15204,112 118
15205,46
15206,7 49 67 151 152 157
15207,3 6 49 52 53 62
15208,5 6 44 52 63
15209,3 5 46
15210,153 156 158 161 162 165 166 171 173 175
15211,
15212,330
15213,6 330
15214,112 118
15215,52 61 324 330
15216,112 118
15217,161
15218,
15219,125 126 127 128 133
15220,44
15221,137 330
15222,46
15223,260
15224,
15225,
15226,
15227,6 46 61 104
15228,
15229,322 324
15230,55 56 58 62 63 65 66 123 129 131 132 134 138 315 316 321 322 330 345
15231,10 58 61 138 315 316 321 322 324
15232,17 19 21
15233,112
15234,52 166 170 173
15235,
15236,61 131 132 314
15237,2 345
15238,345
15239,3 49 131 132
15240,
15241,5 45 63 131 345
15242,45 63 70
15243,
15244,6 55 58 70
15245,45
15246,7 11 55 62 67 258 263 317 321
15247,11 67 339
15248,11 67 68
15249,0 11 69
15250,49 315
15251,
15252,
15253,139
15254,68 137
15255,
15256,6 152 169
15257,
15258,108 259
15259,129
15260,129
15261,322
15262,
15263,
15264,263
15265,
15266,68
15267,
15268,18 23 24
15269,10 18 24 61
15270,153 156 157 159 161 164 165 166 168 175
15271,
15272,45 78
15273,52
15274,
15275,
15276,52 170
15277,
15278,128 138
15279,123 127 129 130
15280,44 46 49 62 69 151 158 160
15281,108
15282,124 125
15283,124 131 314 322
15284,56 58 65 66 321
15285,123 134
15286,58 157 161 164 169
15287,158 160
15288,
15289,
15290,
15291,17 19 21 22
15292,128 131 133
15293,5 44 63
15294,44 46 70 169 194
15295,5 7 61 68 70
15296,7 9 55 61 321
15297,46
15298,158 163
15299,5 11 49 62
15300,
15301,
15302,322
15303,49 53
15304,127 132 138
15305,260
15306,123 137
15307,7 11 68 134 138 264
15308,
15309,330
15310,53 132 330
15311,
15312,70
15313,10 358 359
15314,158
15315,27 356 359 360
15316,11 67 68 69 157 158
15317,
15318,62 123
15319,112 118
15320,157 159 174
15321,
15322,270 286
15323,
15324,152 157 158 160 163 164 165 166 317
15325,124 129 137 138
15326,123 128
15327,
15328,169 172 192 199
15329,127 128 129 132 133 134 136
15330,128 138
15331,108
15332,153 166 171 174 175
15333,46 73
15334,
15335,65 66
15336,
15337,
15338,128
15339,278 282 286
15340,
15341,
15342,
15343,6 52 152 157 162
15344,
15345,126 138 143 264
15346,
15347,
15348,
15349,
15350,3
15351,63 152
15352,63
15353,4 6 46
15354,4 5 70
15355,
15356,
15357,
15358,330
15359,7 330
15360,48 156 161 171 175 176 178 181 182 183
15361,138
15362,108 112 118
15363,324
15364,123 127 128 129 133 259
15365,121 386
15366,263
15367,264
15368,
15369,3
15370,66 127 129 140
15371,
15372,
15373,129 130
15374,169 172 181 187 188 194 202
15375,66 123 129 130 133
15376,1 65 66 127 128 129 133
15377,73 157 159
15378,124
15379,66
15380,
15381,61 204
15382,159 171 175
15383,264
15384,16 121 263 264 357 358
15385,
15386,
15387,264
15388,124 134 314
15389,134
15390,
15391,4 359 360
15392,293
15393,1 2 16 17 25 356 359 360
15394,
15395,127 130 137 138
15396,
15397,
15398,5
15399,125
15400,
15401,112 118
15402,55 66 69 151 157 158 159 160 162 163 172
15403,138
15404,
15405,16 25 27 356 358 359
15406,
15407,96 98 99 344
15408,69 157 159
15409,
15410,7 11
15411,46 52 62
15412,
15413,4 49
15414,10 358
15415,16 27 356 358 359
15416,
15417,
15418,
15419,10 16 358
15420,16 356 359
15421,
15422,69 157 159
15423,314
15424,330
15425,
15426,49
15427,15 17 19 21
15428,
15429,
15430,
15431,4 62 132
15432,
15433,124
15434,151
15435,164
15436,
15437,62
15438,1 4 70 356
15439,62
15440,386
15441,
15442,48 63 65 66 74 131 137 138 314 330
15443,
15444,132 165 176
15445,158 163
15446,7
15447,11 53 61
15448,130
15449,16 130 320 359 360
15450,126 130 147 320 323 359
15451,320 359 360
15452,124
15453,128
15454,7 65
15455,131
15456,46 52 73 152
15457,67 137 324
15458,
15459,55 263 321 339
15460,6 7 66 264 357
15461,16 132 357
15462,
15463,125 256
15464,
15465,4 46 58 313
15466,158
15467,187 203
15468,132
15469,2 16 356 359 360
15470,1 16 17 19 21 25 27 356 357 358 359 360
15471,279 295
15472,126
15473,258 313 321
15474,7 11 67 68 70
15475,6 46 52
15476,45 63
15477,
15478,5 6 12 61 62 63 104 124 316 317 321 345
15479,4
15480,6 62 316 322 324 330 345
15481,49 61 315
15482,132 324
15483,53 61 70 124 131 322 345
15484,123 127 128 133 258
15485,
15486,46
15487,
15488,
15489,44 46 62
15490,1 5 6 9 10 12 15 16 61 62 63 104 124 131 314 316 317 321 322 330 345 357
15491,21 22
15492,
15493,22
15494,
15495,52 63
15496,
15497,5 45 63 78
15498,45 63
15499,
15500,
15501,49 313
15502,62 125 126 136 313 314
15503,
15504,62
15505,16
15506,5 11 61 66 69
15507,
15508,
15509,
15510,
15511,3 56 58 61 66 74
15512,112 118
15513,62 133 322
15514,70
15515,
15516,338 339
15517,49 67 263 313 339 340
15518,11 53
15519,7 44
15520,3 124
15521,4 5 46 52 70
15522,153 156 161 165 171 173 175
15523,49 61 63 204
15524,
15525,45
15526,45 68
15527,121 258 263 264 321 338 339 340
15528,70 263 339 340
15529,58
15530,54 56 72 81
15531,108
15532,77 132
15533,
15534,
15535,
15536,
15537,215 225 227 228
15538,
15539,
15540,143 263
15541,
15542,11 67
15543,103 112
15544,
15545,49 263
15546,
15547,77 94 325 335
15548,
15549,123 128
15550,123
15551,63 316 322 324 330 339
15552,169
15553,5 44 49 67
15554,152 157 164
15555,13 49
15556,5 49
15557,108
15558,128
15559,
15560,151 157 159
15561,45 63 104 131 330
15562,94
15563,
15564,169 171 172 175 180
15565,124
15566,
15567,10 62 127 129 130 131 132
15568,
15569,123
15570,132
15571,123
15572,359 360
15573,123 130
15574,123
15575,123
15576,69 73 152 157 158 159 160 162 163 174
15577,152 158
15578,
15579,69 151 158 159 160 162
15580,52 162 169
15581,112
15582,325 335
15583,324
15584,325 335
15585,3 49 63
15586,49
15587,3 49 52 63
15588,3 63
15589,3 49 63
15590,
15591,
15592,
15593,108
15594,125 126 133 134 138 264
15595,5
15596,
15597,11 67
15598,61 123 128 133 259
15599,
15600,18 20 23 24
15601,1 12 14 15 17 19 21 22 357
15602,2 17 357
15603,
15604,153 156 161 165 171 175 176 178 179 180
15605,
15606,52 159
15607,
15608,178 183 189 193 195 202
15609,
15610,138 322
15611,
15612,62 123 125 129 131 134 315 316 317 330 345
15613,
15614,68 123 125 137 138
15615,129 137 138
15616,
15617,
15618,131 330 345
15619,
15620,161 163 166 170 171 175 177 182
15621,
15622,
15623,259
15624,
15625,46
15626,322 324
15627,124 316
15628,4 6 46 49 53 62 124
15629,
15630,159 161 164 166 170 171 174 175 177
15631,7
15632,
15633,128 137 256
15634,108 112 118 260
15635,6 11 48 55 56 66
15636,256
15637,358
15638,
15639,152 153 156 157 159 160 161 162 163 164 165 168 169 171 172 175 180 321
15640,67
15641,317
15642,321
15643,46 52 68
15644,
15645,3 5 357
15646,96 344
15647,49
15648,
15649,11 61 67 68
15650,123 124
15651,66 70 125 126 127 129 132 134 313
15652,317 321
15653,53 61 104
15654,9 153 156 159 160 161 165 168 169 171 172 175 176 177 178 179 180 181 184 186 188 192 199 201
15655,321
15656,25
15657,182 193 195
15658,108 112 118
15659,324
15660,112
15661,46
15662,108
15663,6 49 69 152 157 162
15664,4 127 133
15665,5
15666,
15667,
15668,
15669,
15670,
15671,
15672,48 56 64 65 66 72 128 131 330
15673,
15674,53
15675,44 62 157
15676,11 20 24 53
15677,11 44 68
15678,11
15679,5 11
15680,52 169 172
15681,
15682,1
15683,345
15684,123
15685,123 128 133
15686,127 128 133 316
15687,56 66 151 156 158 162 165 166 169 171 173
15688,
15689,61 131 330
15690,256
15691,
15692,3 46 49 52
15693,53
15694,52 124 158 162
15695,6 49 53 55
15696,18 24
15697,4 49 53 55 69 151 158 159 160 162 172
15698,
15699,123 125 127 128 129 133 134 136 258 264
15700,134 139
15701,135
15702,125 128
15703,
15704,61 128
15705,164
15706,
15707,121 128 129 133 134 262 263 316
15708,125 126 137
15709,18 23
15710,138
15711,
15712,5 11 67
15713,5 7 67 68 69
15714,7 73 157 159
15715,6 7 11 67
15716,123 133 259
15717,112
15718,
15719,11
15720,54 55 56 57 64 65 66 72 81
15721,72 81
15722,54 56 57 64 66 72 81
15723,256
15724,
15725,313 314
15726,3 315
15727,
15728,283 291 293 296 298 299 307
15729,112
15730,125 127
15731,
15732,126 138 264
15733,158 159 174 177
15734,264 386
15735,
15736,264 386
15737,
15738,
15739,70
15740,62 66
15741,
15742,46 49
15743,256
15744,
15745,67 152 158 159 163
15746,124 314
15747,
15748,345
15749,314 345
15750,7 49 345
15751,
15752,62
15753,125 127 128 132 133
15754,128 138
15755,
15756,
15757,11 137
15758,104 108
15759,17
15760,17 25
15761,49 62 67 124 125 126 129 315 330
15762,
15763,7 55 69 151
15764,5 69 73 157 158 162
15765,6 55 58 61 121 124 134 264 316 317
15766,11 62 73
15767,7 11 52 68
15768,16 322 357 358
15769,
15770,9 14 17 19 21 22
15771,10 12 16 17 21 345
15772,345
15773,12
15774,5 6 63 104
15775,9
15776,9 15 17 357
15777,
15778,176 178
15779,
15780,
15781,
15782,125
15783,123 124 129
15784,123
15785,3
15786,183 195
15787,1 10 315 356 358 359
15788,132 314
15789,49
15790,49 53 66
15791,46 132 181 187 202
15792,103 112 118 256
15793,4 6 46 49 52 61 313
15794,12 46 315
15795,11 68 137 138 158
15796,7
15797,
15798,
15799,68 151 158
15800,68 126
15801,108
15802,151 315
15803,256
15804,
15805,
15806,116
15807,77 122 269 358
15808,122 345
15809,2 27 122 128 269 345 356 358 386
15810,2 56 122 269 356 358
15811,2 27 122 269 356 358
15812,2 56 122 269 356 358
15813,2 27 122 269 356 358
15814,2 122 269 345 356 358
15815,5 55 62 131 132 133 138 258 263 316 322 357
15816,134 137
15817,286
15818,260
15819,108
15820,
15821,153 169 172 179 181
15822,
15823,6 7 55 58 61 124 131
15824,48 56 65 74
15825,316
15826,
15827,
15828,
15829,
15830,
15831,
15832,
15833,66
15834,322
15835,
15836,
15837,52
15838,3 66
15839,4 313
15840,3 77 315 318
15841,
15842,
15843,260
15844,54 56 57 64 66 72
15845,56 66
15846,55 65 66
15847,56 57 66 72
15848,56 57 64 66 72
15849,127 138
15850,
15851,322
15852,125 313
15853,
15854,
15855,
15856,
15857,103 112 118
15858,153 164 171 175 180
15859,11
15860,
15861,11
15862,
15863,125 127 128 129 133
15864,158
15865,
15866,68 70
15867,11 68 70
15868,
15869,18 24
15870,3 5 61 70
15871,112 118 260
15872,127 128 129 130 133 136
15873,112 118
15874,123 127 128 131 132 133 134 258
15875,129
15876,324
15877,161 166 171 173
15878,
15879,
15880,62 130
15881,
15882,
15883,
15884,49
15885,359
15886,4 58 61 132
15887,
15888,108
15889,61
15890,160 169 172 179 181 184 187 192 205
15891,
15892,
15893,264
15894,68 138
15895,
15896,18 23 24
15897,52 67 152
15898,61 128 129 136
15899,
15900,11 67
15901,94 132 156 176 335
15902,94 318 325 335
15903,258 260
15904,
15905,
15906,
15907,
15908,132 315 316 324
15909,70
15910,
15911,
15912,132
15913,122 124 125 129 130 133 137 315 316 322 345
15914,
15915,70 157
15916,17
15917,9 12 14 15 17 22 104 321 357
15918,9 14 15 19 21 22
15919,3 15 17 19 21 22
15920,
15921,3 15 17
15922,
15923,123 126
15924,
15925,
15926,123 313
15927,52
15928,69 73 157 158 159
15929,
15930,127
15931,112
15932,132
15933,
15934,169 171
15935,
15936,112
15937,
15938,7 11 61 67
15939,
15940,
15941,384
15942,3 7
15943,152
15944,44 49
15945,
15946,5 52
15947,127
15948,63 123 124 125 127 133 316
15949,
15950,5 61 63 66 73 131 132 133
15951,
15952,45 322
15953,
15954,
15955,94
15956,153
15957,134
15958,127 128 129 133
15959,128 131 330 345
15960,
15961,
15962,133 134 138 263
15963,
15964,11 49 61
15965,151 162 194
15966,6 70
15967,7 11 61
15968,44 53 61 63
15969,44 53
15970,65 69 153 156 160 161 163 164 166 169 172 175
15971,55 56 57 63 65 66 72
15972,55 57 65 66 72
15973,124 125
15974,4 58
15975,
15976,358
15977,
15978,67
15979,169 172
15980,151 153 156 161 162 166 168 169 171 172 175 179 180 181
15981,1 10 16 323 358
15982,318
15983,318 320 323
15984,134
15985,318 323
15986,314 321 323
15987,69 158 160 162 163
15988,
15989,57
15990,54 56 57 64 66 72 81
15991,57 72 81
15992,54 56 57 64 66 72 81
15993,138
15994,
15995,
15996,65
15997,48 65 66 74
15998,46
15999,48 56 63 66 74
16000,48 65 66
16001,49 66
16002,152
16003,134
16004,4
16005,56 57 58 65 74
16006,153 161 164 166 169 171 175 179
16007,48 56 57 64 65 66 72 74
16008,22
16009,11 69 73
16010,112 118
16011,124 316 322 330 345
16012,211 222
16013,27 356 359 360
16014,
16015,123 256
16016,67 121 123 126 128 133 138 264 316
16017,
16018,7 321
16019,134 137 138 263 264 317 321
16020,11 68 137 138
16021,67 138
16022,138
16023,
16024,5 46 49
16025,
16026,
16027,330
16028,76
16029,
16030,4 44 46 49 61
16031,5 52 70
16032,11 67 121 124 137 264 339
16033,44 67 134 315
16034,298
16035,
16036,153 160 163 166 169 171 172 179 188 205
16037,
16038,108
16039,
16040,
16041,
16042,11 56 58 61 63 66
16043,6 55 56 58 61 63 65 66
16044,
16045,345
16046,264
16047,
16048,
16049,
16050,356 358 359 360
16051,206
16052,
16053,
16054,3 6 46 49 52
16055,151 193 195 256
16056,49
16057,
16058,3 5 53 61 204 317
16059,44 46 62 314 321
16060,176 178 183 187 188 189 190 193 195 202
16061,68 314
16062,
16063,127 133 322 324
16064,133 138 322
16065,
16066,
16067,
16068,101
16069,101
16070,
16071,
16072,386
16073,
16074,256
16075,6 46 55 58 61 65 66
16076,53 56
16077,48 56 66 74
16078,70 124
16079,44 63 65 66
16080,52
16081,27 356 359 360
16082,278 282 286
16083,
16084,
16085,
16086,56 57 160 169 172
16087,46
16088,
16089,125
16090,4 46 62 124 315 316 322
16091,46 52 70 124
16092,1 130 147 320 357 359 360
16093,1 16 130 320 359 360
16094,211 215 225 228 231
16095,
16096,6 67 152 157 158 159 162
16097,132
16098,
16099,
16100,134
16101,4 314
16102,256 313
16103,256
16104,
16105,5 53
16106,69 73 151 152 157 158 159 160 162 163 174
16107,
16108,48 66
16109,
16110,3 46 70 108
16111,
16112,129 136
16113,20 23 60 77 88 96 318 331
16114,
16115,
16116,256
16117,52 53
16118,123 124
16119,70
16120,68 131 137 138
16121,73 157
16122,123 256
16123,66 151 153 156 157 158 159 160 161 162 164 165 166 168 169 172 173 174 175 176 178
16124,
16125,256
16126,
16127,126 258
16128,134
16129,
16130,121 264
16131,125 129 137
16132,67 152 157 158 163
16133,61 66 128 129 131 133 322
16134,61
16135,27
16136,5 7 61 131 138
16137,122
16138,10
16139,44 49 53 61 66
16140,
16141,
16142,127
16143,132 133
16144,15 17 19 22
16145,133
16146,
16147,
16148,
16149,46 67
16150,152 153 157 160 165 168 169 172
16151,316
16152,126
16153,
16154,23
16155,321
16156,325 335
16157,
16158,6 49
16159,
16160,46 52
16161,53 55 386
16162,101 264
16163,68
16164,3 70 386
16165,6 44 49 53
16166,6 46 49
16167,2 49
16168,46
16169,
16170,264
16171,
16172,49 131
16173,
16174,58 70
16175,56
16176,
16177,4 56 58
16178,151 158 159 161 315
16179,9 338 339
16180,7 55 61 121 263 264 314 321
16181,
16182,
16183,4 5 63 70
16184,4 63
16185,4 63
16186,169 184 192 199
16187,6 22
16188,3 6 44 63
16189,6 63
16190,56 66 74
16191,112 118
16192,126 127 129 133 166 178
16193,112
16194,67 152 157 159
16195,7 68
16196,11
16197,
16198,163
16199,133
16200,62 125 127 130
16201,62 125 130 133
16202,70
16203,52
16204,
16205,357
16206,2 3 10 16 359
16207,
16208,
16209,49 56 66
16210,58 70 156 161 162 169
16211,4 5 49 63 65 66
16212,45 51 63
16213,44 58 61
16214,
16215,
16216,
16217,358
16218,10 358
16219,129
16220,132
16221,58 65
16222,322 324 357
16223,2 5 10 16 358
16224,
16225,4 5 69
16226,55 62 121 258 263 321 339
16227,122 123 124 128 131 133 316 322 330 345
16228,127 128 129 131 133 259
16229,67 124 131 137 314 322
16230,58 65 133 316 322 345
16231,
16232,322
16233,4
16234,4
16235,357
16236,
16237,67 317
16238,
16239,
16240,131 322 325 330 345
16241,131 325 335
16242,133
16243,178 185
16244,124 129 131 133
16245,156 165 168
16246,153 156 165 166 175 176 178 179 180 183 188 189
16247,133
16248,112
16249,124 125 131 322
16250,
16251,
16252,124
16253,
16254,
16255,123 124 125 127 128 130
16256,129 130 133
16257,
16258,62 123
16259,
16260,77 94 318 325 335
16261,52 69 73 158 160 162
16262,316 336
16263,125 132
16264,68 151 153 156 158 159 161 162 163 165 166 168 170 171 174 175 177
16265,104 134 316 317 321 345
16266,131 330 345
16267,1 48 50 55 56 63 65 66 71 74 315 316 317 321 330 345
16268,330
16269,4 46 53 70 124
16270,5 44 49 132
16271,
16272,
16273,
16274,151 313 315 321
16275,126 313
16276,
16277,166 178
16278,11 46 49
16279,
16280,127 132 134
16281,112 118
16282,61 66
16283,143 263
16284,256
16285,256
16286,264
16287,
16288,
16289,
16290,112 118
16291,125 322
16292,
16293,63 127 128 131 314 325 335 345
16294,133 322
16295,324
16296,
16297,5 46 58 61 70
16298,
16299,
16300,138
16301,3 6 131
16302,137 322
16303,131 138 322
16304,73
16305,7 49 52
16306,
16307,134
16308,5 10 46 62 70 124 131 314
16309,152 153 157 161 164 169 171
16310,5 62 70 124 314 317
16311,108
16312,55 56 58 63 70
16313,55 56 58 63 66 68 70
16314,55 58 63 65 66
16315,172 194 196 199
16316,151 158 162 163 169
16317,108
16318,
16319,
16320,
16321,2 132
16322,17 21
16323,
16324,123
16325,
16326,
16327,48 56 61 66 72 74 81
16328,108
16329,125
16330,16 25 27 356 358 359 360
16331,
16332,
16333,56 66 131
16334,6 55 58 65 66 124 131 314 345
16335,6 58 65 124
16336,66 128
16337,3 5 58
16338,3 132
16339,131 330
16340,
16341,49 65 66
16342,162 169
16343,52
16344,
16345,
16346,153 165 166 168 169 171 172 175 179 180 186 188
16347,7 63 321
16348,323
16349,
16350,
16351,276 277 281 286 300
16352,
16353,
16354,
16355,63
16356,11 61
16357,7 61
16358,159
16359,169 172 184 186
16360,7
16361,11
16362,
16363,
16364,
16365,
16366,
16367,52 152 153 156 157 160 161 162 164 165 169
16368,112
16369,73 152 157 159 160
16370,
16371,
16372,
16373,
16374,
16375,
16376,101 128 386
16377,
16378,
16379,
16380,123 128 386
16381,101 128 386
16382,
16383,
16384,101 128
16385,
16386,125
16387,
16388,
16389,153 156 169 171
16390,123 124
16391,
16392,98 99 344 348
16393,318
16394,138
16395,
16396,
16397,11 53 68
16398,96
16399,
16400,
16401,67 68 70
16402,6 11 131
16403,7 11 61 67 68
16404,11 67
16405,5 7 49 61 67 68
16406,7 11 61 67 68 70
16407,5 7 61 68 69
16408,7 11
16409,62 68 125 130 132
16410,
16411,112
16412,
16413,11 68
16414,
16415,
16416,66 94 133 325 335
16417,61 124 314
16418,169 172
16419,153 156 157 161 165 166
16420,65 68
16421,
16422,11 49 55 65 66 67
16423,129 134 137
16424,
16425,11 62 126 138 323
16426,67 68 70
16427,46 48 66 74 131 132 137 314
16428,
16429,66 68
16430,
16431,46 70
16432,
16433,9 14 15 17 19 21 22
16434,9 12 14 15 17 19 21 22
16435,9 14 15 17 19 21 22
16436,9 14 15 17 19 21 22
16437,9 15 17 21
16438,1
16439,1
16440,
16441,53 339
16442,123
16443,137
16444,123 313
16445,
16446,
16447,
16448,129
16449,123 129
16450,132
16451,122 133
16452,
16453,
16454,61 126 127 264
16455,126
16456,123 128 129 133 259
16457,
16458,
16459,
16460,11 67 68 137 315
16461,11 68
16462,123 133
16463,123 127 128 258
16464,169 179
16465,
16466,
16467,
16468,4 46 49 52
16469,
16470,76
16471,76 134 317
16472,
16473,
16474,
16475,
16476,
16477,
16478,6
16479,3 6 70
16480,4 5 70
16481,
16482,7 55 56 66 74
16483,
16484,72
16485,7 55 65
16486,7 55 56 58 61 63 65 66 69 73
16487,169 172 181 187 188 192 194 196 197 199 200 201 202
16488,44 49 53 61 131 132 137 314 322
16489,112
16490,
16491,322 324
16492,
16493,
16494,132
16495,123 124 127
16496,112 118
16497,94 325 330 335
16498,345
16499,330
16500,
16501,11 124 315 322 324 330
16502,
16503,256
16504,175
16505,
16506,46 53
16507,46 70 108
16508,7 52 67 73 152 158
16509,6 49 52 53 55 61 63 104
16510,52 62 131 314 330
16511,62 70 316
16512,5 11 52 67 263
16513,
16514,11 44 126 138 151 158 159 163
16515,112 118
16516,316 322 324
16517,112 118 260
16518,
16519,7 11 62 67 68
16520,67
16521,128
16522,320 359
16523,130 320 359
16524,130 359 360
16525,130 320 323 359 360
16526,16 130 320 359 360
16527,16 130 359 360
16528,112 118
16529,123 124 133 259
16530,7 73 151 157 159 162
16531,
16532,123
16533,51 63 132 138 322
16534,
16535,
16536,
16537,
16538,
16539,
16540,
16541,172 187 192 194 196 197 198 199 202 203
16542,
16543,58 204
16544,46
16545,50
16546,94
16547,124
16548,130 133 315 316 322 358
16549,
16550,
16551,5 11 61 104
16552,48 50 61 71 74
16553,4
16554,264
16555,
16556,53
16557,52
16558,52 70
16559,46 49
16560,62 68
16561,
16562,
16563,61 68 123 124 127 137 264
16564,
16565,
16566,2 3 17 70
16567,104
16568,112
16569,153 176 180 318
16570,330
16571,58 63 70
16572,70 330
16573,56 66 325 330 335
16574,56 58
16575,256
16576,112 118
16577,94
16578,5 56 63 66 127 131 132 330
16579,58 61 66 131 132
16580,5 56 63 65 66 74
16581,
16582,
16583,
16584,
16585,
16586,318
16587,
16588,18 23
16589,18 23
16590,18 23 24
16591,
16592,18 20 23 24
16593,263
16594,153 161 164 171 175 176
16595,263 315 339
16596,18 23 24
16597,14 122 356
16598,122 124 125
16599,122 124
16600,122 124
16601,2 124 314
16602,4 5 10
16603,
16604,2 169 181 187 191 356
16605,10 122 329 345 356 358
16606,2 269
16607,2 314
16608,122 358
16609,2 122 127 269 329 356 358
16610,122 127 132
16611,132
16612,138 339
16613,
16614,70
16615,
16616,21
16617,67 125 128 133 138 324
16618,123 128 129
16619,46 52
16620,5 44 53 63 70
16621,128 133
16622,45 78
16623,
16624,72
16625,64
16626,69 151 157 158 159 160 162 163 166 172
16627,46 67 68
16628,
16629,
16630,11 55 56 66 69 75 151 154 156 157 158 159 160 161 162 163 164 165 166 169 171 172 173 175 177
16631,69 73 157 158 159 160 163 166
16632,176 178 193 195
16633,70 315
16634,
16635,
16636,45
16637,
16638,
16639,46 197 315
16640,
16641,153 158 159 161 164 166 169 171
16642,123 127 131 132
16643,
16644,94 128 325 335 345
16645,69 73 151 152 157 158 159 160 162
16646,44
16647,68 126 137 258 264 323
16648,77 96 99 318 331 344 348
16649,96 318 344 352
16650,96
16651,45
16652,165 168 175 176 180
16653,121 263 264 321 338 339 340
16654,11 68 264 339
16655,44 45 78 264 338 339
16656,67 121
16657,123 133
16658,123 124
16659,7 67 68
16660,5 52 68
16661,125
16662,46 108 151
16663,44 49 63
16664,5
16665,125 127 128 133
16666,
16667,61
16668,157 159 162
16669,5 61
16670,5 62 70
16671,5 62
16672,68 129
16673,
16674,76
16675,137
16676,
16677,153 161 171 175 179
16678,
16679,
16680,49 58 61
16681,
16682,
16683,67
16684,
16685,108
16686,62 125
16687,
16688,
16689,315 317 321 323
16690,139 323
16691,135 323
16692,153 156 158 160 161 165 166 168 171 175 176 179 180 321
16693,357 358
16694,10 121 263 317 321 323 358
16695,10 323
16696,323
16697,323
16698,
16699,135 139
16700,10 16 121 134 317 323 357 358
16701,10 16 134 323 358
16702,122 128 133 259 262
16703,256
16704,
16705,52
16706,52
16707,81
16708,49 56
16709,
16710,123 126 131 138 258 323
16711,25 27 356
16712,
16713,4 5 46 52 61 62
16714,4 48
16715,10 44 137 138 322 323
16716,
16717,125 127 132 138 258
16718,
16719,62 124 125
16720,7 52 68 158
16721,
16722,114
16723,
16724,
16725,
16726,
16727,386
16728,101 386
16729,
16730,
16731,129 315
16732,
16733,
16734,46 52
16735,
16736,133 256
16737,11
16738,
16739,384
16740,26 44
16741,7 46 52
16742,11 67 151 152 157 158 159 161 162 163 165 169 321
16743,26 44
16744,46
16745,256 313 314
16746,
16747,156
16748,52 67
16749,
16750,
16751,
16752,256
16753,126 258
16754,
16755,256
16756,158
16757,4 44 58 62 70 123 125 313
16758,
16759,4 46 345
16760,52 73 152 158
16761,5 46 49 52 357
16762,152 157 158 159 160 161 162 164 166
16763,
16764,
16765,
16766,
16767,58 70 138
16768,
16769,124
16770,55 56 57 66 68 151 157 158 159 162 165 166 169
16771,
16772,121 123 125 128 134 264
16773,55 56 73
16774,
16775,
16776,
16777,10 48 55 56 62 63 65 66 71 74 129 317 330 345
16778,10 44 48 56 62 63 65 66 74 136 323 330 345
16779,153 171 175 179 180
16780,7 11 55 66
16781,58 73 157 160
16782,
16783,52 67 68 152
16784,26
16785,
16786,63 68
16787,256
16788,6 68 158
16789,
16790,
16791,52 70 73
16792,5 49 52 53
16793,171 175
16794,133
16795,
16796,44
16797,6 52 73
16798,
16799,124 125 126 130 133
16800,
16801,
16802,
16803,125 176
16804,61 123 124 128 130 330
16805,128 129 131 133 324 330 345
16806,62 125 129 345
16807,108
16808,
16809,56 65 66 69
16810,
16811,65 66
16812,44 58
16813,
16814,132
16815,7 62 138 315
16816,6 44 52 63 69 152 158 160 162
16817,5 10
16818,112
16819,11 68
16820,68 152
16821,2 25 27 356 359 360
16822,25 27 356 359 360
16823,27 356 360
16824,17 25 27 356 359 360
16825,
16826,16 133
16827,61 104 123 128 129 134 316 325 330 335 345
16828,315 325 330 335
16829,129
16830,153 156 161 168 169 171 175 179 180
16831,112
16832,125 313
16833,
16834,108 137
16835,
16836,3 27 356 360
16837,
16838,288 290 293
16839,1 2 131 269 320
16840,123 128 134 258 259
16841,256
16842,62 125
16843,45
16844,
16845,
16846,49 65 66
16847,46
16848,9 14 22 104
16849,62 104
16850,3 70
16851,320 330
16852,153
16853,314 320
16854,325 335
16855,
16856,18
16857,256
16858,11 44 56 66 68 157
16859,124 193 195
16860,
16861,108
16862,
16863,
16864,124 125 128 134 264 314
16865,49 204
16866,46 70 151 160
16867,49
16868,
16869,62 132 316
16870,
16871,
16872,104
16873,2 17 21
16874,1 2 17 21
16875,
16876,1 12 17 49
16877,3 6 70 315
16878,17 49
16879,1 21 74
16880,56 58 65 66
16881,62
16882,58 65
16883,4 58 63 124 131 314
16884,55 56 65 66 131
16885,123 126 138
16886,123
16887,56 66 131 315 330
16888,124
16889,56 57
16890,
16891,62 123 130
16892,56 57
16893,56 66
16894,6 49 52 66
16895,62 125 129 138
16896,
16897,275
16898,112 260
16899,137 138
16900,128
16901,169
16902,112 118
16903,151 161 175
16904,61 131 132 315 316 330 345
16905,94 325 335
16906,54 57 59 64 72 81
16907,68 70
16908,62 122
16909,19 22 94 325 335
16910,321
16911,5 9 61 314 317 321
16912,9 10 15 16 17 22 314 317 321
16913,
16914,
16915,137 138 322 345
16916,
16917,
16918,
16919,
16920,
16921,9 14 15 17 19 21
16922,3 15 104 357
16923,
16924,3 5 124 131 330
16925,3 49
16926,109
16927,62 121 137 138 322
16928,5 70 73
16929,112 260
16930,
16931,259
16932,
16933,77 96 98 99 318 331
16934,60 313
16935,4 124
16936,
16937,
16938,
16939,
16940,
16941,
16942,126 134
16943,
16944,
16945,76
16946,
16947,153 165 166 170 175
16948,161 165 171
16949,
16950,
16951,4
16952,4
16953,
16954,
16955,
16956,112 118
16957,17
16958,
16959,165
16960,6 44 55 56 58 66
16961,278 279 287
16962,
16963,6 315
16964,15 17 28
16965,1 28 320
16966,
16967,55 56 63 65 66
16968,
16969,387
16970,
16971,45 63
16972,56 345
16973,48 56 330
16974,
16975,44 132
16976,44 132 315
16977,132
16978,
16979,66 70 131
16980,
16981,44 133 138 316 322 324
16982,7 44 62 70 138 314
16983,
16984,128 256
16985,73
16986,6
16987,4 5 44 70
16988,4 46 49 52
16989,49 53
16990,5 61 70
16991,5 46 49
16992,
16993,
16994,358
16995,54 57 64 72 81
16996,72 153
16997,65
16998,314
16999,
17000,164 169 171 172 175
17001,65 66
17002,65 66 153 156 165
17003,55 63 65 66 72
17004,65 66
17005,56 57 65 66 72 153 156 162 165 166 171 172 175
17006,
17007,260
17008,
17009,124 127 128 129
17010,121 126 127 128 129 133 134 264
17011,5 11 44 66
17012,264
17013,
17014,53 61
17015,126 127 134 136 137 138 264
17016,112 118
17017,5 7 52 68 70 317
17018,49 52 204 263
17019,314 323
17020,
17021,
17022,
17023,
17024,24
17025,63
17026,
17027,
17028,
17029,5
17030,3
17031,3 70
17032,4
17033,4
17034,4
17035,
17036,124
17037,
17038,62 125 126 138
17039,112
17040,129
17041,282
17042,14 15 17 21 22
17043,9 14 15 17 19 21 22
17044,6 49 53 61 63 104
17045,3 9 12 15 17 21 22 46
17046,9 14 15 17 19 21 22 358
17047,133
17048,
17049,
17050,46 52
17051,139
17052,2 25 356
17053,1 356 358
17054,2
17055,21 356 358
17056,2 356
17057,
17058,18 20 23 24 94 325
17059,7 52 138
17060,
17061,7 11 55 61
17062,
17063,6 11 61 124 131 314 322
17064,171 175
17065,16 330
17066,
17067,68
17068,
17069,7 11 66 68 121 131 137 138 263 317 321 323 339
17070,108 112 118 260
17071,55 56 65 66
17072,5 127 131 136 314 322 323
17073,56 70 157 162 169
17074,
17075,6 7 11 55 56 58 63 65 66 73
17076,
17077,260
17078,45 63 104
17079,45 63
17080,345
17081,63 131 322 330 345
17082,131
17083,157 171
17084,164 172
17085,68 137 138
17086,139
17087,139
17088,
17089,70 151
17090,
17091,
17092,169
17093,
17094,
17095,123 124 128 134
17096,
17097,123
17098,133
17099,161 162
17100,
17101,67 125 133
17102,286 289
17103,
17104,151 160 162 166 169 172
17105,
